REPORTING_DATE,DATE_OF_INTEREST,CASES,HOSPITALIZED,DEATHS
2020-03-26,2020-03-02,1,0,0
2020-03-26,2020-03-03,2,3,0
2020-03-26,2020-03-04,9,3,0
2020-03-26,2020-03-05,1,4,0
2020-03-26,2020-03-06,8,5,0
2020-03-26,2020-03-07,11,9,0
2020-03-26,2020-03-08,20,13,0
2020-03-26,2020-03-09,53,25,0
2020-03-26,2020-03-10,69,42,0
2020-03-26,2020-03-11,155,53,0
2020-03-26,2020-03-12,350,69,0
2020-03-26,2020-03-13,603,123,1
2020-03-26,2020-03-14,601,160,2
2020-03-26,2020-03-15,975,193,5
2020-03-26,2020-03-16,1913,290,9
2020-03-26,2020-03-17,2163,315,7
2020-03-26,2020-03-18,2371,355,16
2020-03-26,2020-03-19,2401,434,19
2020-03-26,2020-03-20,2594,492,37
2020-03-26,2020-03-21,1388,415,30
2020-03-26,2020-03-22,1266,415,33
2020-03-26,2020-03-23,1707,361,49
2020-03-26,2020-03-24,1328,137,53
2020-03-26,2020-03-25,21,0,18
2020-03-27,2020-03-02,1,1,0
2020-03-27,2020-03-03,2,4,0
2020-03-27,2020-03-04,9,3,0
2020-03-27,2020-03-05,2,4,0
2020-03-27,2020-03-06,8,5,0
2020-03-27,2020-03-07,11,8,0
2020-03-27,2020-03-08,20,15,0
2020-03-27,2020-03-09,53,26,0
2020-03-27,2020-03-10,69,36,0
2020-03-27,2020-03-11,156,42,1
2020-03-27,2020-03-12,351,68,0
2020-03-27,2020-03-13,606,113,0
2020-03-27,2020-03-14,617,146,2
2020-03-27,2020-03-15,988,175,5
2020-03-27,2020-03-16,1950,259,9
2020-03-27,2020-03-17,2237,281,7
2020-03-27,2020-03-18,2512,315,19
2020-03-27,2020-03-19,3164,430,19
2020-03-27,2020-03-20,2964,476,38
2020-03-27,2020-03-21,1726,410,31
2020-03-27,2020-03-22,1489,405,41
2020-03-27,2020-03-23,2285,598,63
2020-03-27,2020-03-24,2140,590,64
2020-03-27,2020-03-25,2367,524,75
2020-03-27,2020-03-26,936,95,54
2020-03-27,2020-03-27,32,2,20
2020-03-31,2020-03-02,1,1,0
2020-03-31,2020-03-03,2,5,0
2020-03-31,2020-03-04,9,3,0
2020-03-31,2020-03-05,2,4,0
2020-03-31,2020-03-06,8,5,0
2020-03-31,2020-03-07,11,9,0
2020-03-31,2020-03-08,20,18,0
2020-03-31,2020-03-09,53,27,0
2020-03-31,2020-03-10,70,36,0
2020-03-31,2020-03-11,156,46,1
2020-03-31,2020-03-12,355,76,0
2020-03-31,2020-03-13,607,117,0
2020-03-31,2020-03-14,626,154,2
2020-03-31,2020-03-15,1004,184,5
2020-03-31,2020-03-16,2022,286,9
2020-03-31,2020-03-17,2311,315,7
2020-03-31,2020-03-18,2729,354,20
2020-03-31,2020-03-19,3393,473,22
2020-03-31,2020-03-20,3639,560,42
2020-03-31,2020-03-21,2120,509,32
2020-03-31,2020-03-22,1982,529,44
2020-03-31,2020-03-23,2976,702,73
2020-03-31,2020-03-24,3213,656,74
2020-03-31,2020-03-25,3209,721,99
2020-03-31,2020-03-26,3077,745,135
2020-03-31,2020-03-27,2960,769,130
2020-03-31,2020-03-28,2004,612,132
2020-03-31,2020-03-29,1915,554,136
2020-03-31,2020-03-30,1241,67,105
2020-03-31,2020-03-31,54,0,23
2020-04-01,2020-03-02,1,2,0
2020-04-01,2020-03-03,2,2,0
2020-04-01,2020-03-04,9,4,0
2020-04-01,2020-03-05,2,4,0
2020-04-01,2020-03-06,8,5,0
2020-04-01,2020-03-07,13,9,0
2020-04-01,2020-03-08,20,12,0
2020-04-01,2020-03-09,53,24,0
2020-04-01,2020-03-10,70,38,0
2020-04-01,2020-03-11,156,55,1
2020-04-01,2020-03-12,355,61,0
2020-04-01,2020-03-13,610,121,0
2020-04-01,2020-03-14,627,145,2
2020-04-01,2020-03-15,1004,188,5
2020-04-01,2020-03-16,2025,299,9
2020-04-01,2020-03-17,2314,325,7
2020-04-01,2020-03-18,2746,391,21
2020-04-01,2020-03-19,3431,477,23
2020-04-01,2020-03-20,3644,550,43
2020-04-01,2020-03-21,2127,543,33
2020-04-01,2020-03-22,2005,567,44
2020-04-01,2020-03-23,2996,768,75
2020-04-01,2020-03-24,3374,717,77
2020-04-01,2020-03-25,3436,772,101
2020-04-01,2020-03-26,3292,790,140
2020-04-01,2020-03-27,3067,791,142
2020-04-01,2020-03-28,2085,659,148
2020-04-01,2020-03-29,2237,691,161
2020-04-01,2020-03-30,3000,644,151
2020-04-01,2020-03-31,953,101,148
2020-04-01,2020-04-01,43,0,37
2020-04-02,2020-03-02,1,3,0
2020-04-02,2020-03-03,2,2,0
2020-04-02,2020-03-04,10,4,0
2020-04-02,2020-03-05,2,4,0
2020-04-02,2020-03-06,8,5,0
2020-04-02,2020-03-07,13,9,0
2020-04-02,2020-03-08,20,12,0
2020-04-02,2020-03-09,53,24,0
2020-04-02,2020-03-10,70,38,0
2020-04-02,2020-03-11,156,56,1
2020-04-02,2020-03-12,356,62,0
2020-04-02,2020-03-13,611,121,0
2020-04-02,2020-03-14,627,147,2
2020-04-02,2020-03-15,1004,189,5
2020-04-02,2020-03-16,2028,301,9
2020-04-02,2020-03-17,2320,324,7
2020-04-02,2020-03-18,2755,393,21
2020-04-02,2020-03-19,3441,481,23
2020-04-02,2020-03-20,3655,549,43
2020-04-02,2020-03-21,2133,545,33
2020-04-02,2020-03-22,2007,566,44
2020-04-02,2020-03-23,3014,768,75
2020-04-02,2020-03-24,3411,729,78
2020-04-02,2020-03-25,3705,787,102
2020-04-02,2020-03-26,3497,815,139
2020-04-02,2020-03-27,3369,820,148
2020-04-02,2020-03-28,2215,678,158
2020-04-02,2020-03-29,2369,739,166
2020-04-02,2020-03-30,3531,781,160
2020-04-02,2020-03-31,2192,500,180
2020-04-02,2020-04-01,1047,117,145
2020-04-02,2020-04-02,82,0,13
2020-04-03,2020-03-02,1,4,0
2020-04-03,2020-03-03,2,3,0
2020-04-03,2020-03-04,10,5,0
2020-04-03,2020-03-05,2,4,0
2020-04-03,2020-03-06,8,5,0
2020-04-03,2020-03-07,13,9,0
2020-04-03,2020-03-08,20,12,0
2020-04-03,2020-03-09,53,24,0
2020-04-03,2020-03-10,70,38,0
2020-04-03,2020-03-11,156,56,1
2020-04-03,2020-03-12,356,62,0
2020-04-03,2020-03-13,612,121,0
2020-04-03,2020-03-14,628,147,2
2020-04-03,2020-03-15,1006,189,5
2020-04-03,2020-03-16,2032,301,9
2020-04-03,2020-03-17,2332,325,7
2020-04-03,2020-03-18,2786,393,21
2020-04-03,2020-03-19,3459,486,24
2020-04-03,2020-03-20,3696,553,43
2020-04-03,2020-03-21,2177,549,33
2020-04-03,2020-03-22,2048,572,44
2020-04-03,2020-03-23,3085,782,75
2020-04-03,2020-03-24,3508,759,81
2020-04-03,2020-03-25,3814,823,103
2020-04-03,2020-03-26,3916,840,149
2020-04-03,2020-03-27,3546,862,160
2020-04-03,2020-03-28,2361,715,182
2020-04-03,2020-03-29,2590,809,192
2020-04-03,2020-03-30,4042,896,191
2020-04-03,2020-03-31,3096,694,204
2020-04-03,2020-04-01,2761,567,181
2020-04-03,2020-04-02,2037,113,131
2020-04-03,2020-04-03,63,0,21
2020-04-04,2020-03-02,1,3,0
2020-04-04,2020-03-03,2,3,0
2020-04-04,2020-03-04,10,5,0
2020-04-04,2020-03-05,2,4,0
2020-04-04,2020-03-06,8,5,0
2020-04-04,2020-03-07,13,9,0
2020-04-04,2020-03-08,20,12,0
2020-04-04,2020-03-09,53,24,0
2020-04-04,2020-03-10,71,38,0
2020-04-04,2020-03-11,156,56,1
2020-04-04,2020-03-12,357,61,0
2020-04-04,2020-03-13,614,123,0
2020-04-04,2020-03-14,629,148,2
2020-04-04,2020-03-15,1008,190,5
2020-04-04,2020-03-16,2033,304,9
2020-04-04,2020-03-17,2335,326,7
2020-04-04,2020-03-18,2791,395,21
2020-04-04,2020-03-19,3463,485,25
2020-04-04,2020-03-20,3697,557,43
2020-04-04,2020-03-21,2179,550,34
2020-04-04,2020-03-22,2057,579,44
2020-04-04,2020-03-23,3093,790,77
2020-04-04,2020-03-24,3523,770,84
2020-04-04,2020-03-25,3831,839,106
2020-04-04,2020-03-26,3950,858,154
2020-04-04,2020-03-27,3719,883,166
2020-04-04,2020-03-28,2384,732,190
2020-04-04,2020-03-29,2642,823,212
2020-04-04,2020-03-30,4305,925,213
2020-04-04,2020-03-31,3473,787,254
2020-04-04,2020-04-01,3170,818,211
2020-04-04,2020-04-02,3477,547,197
2020-04-04,2020-04-03,1705,42,173
2020-04-04,2020-04-04,76,0,24
2020-04-05,2020-03-02,1,3,0
2020-04-05,2020-03-03,2,3,0
2020-04-05,2020-03-04,10,5,0
2020-04-05,2020-03-05,2,4,0
2020-04-05,2020-03-06,8,5,0
2020-04-05,2020-03-07,13,9,0
2020-04-05,2020-03-08,20,12,0
2020-04-05,2020-03-09,53,24,0
2020-04-05,2020-03-10,71,38,0
2020-04-05,2020-03-11,156,57,1
2020-04-05,2020-03-12,357,61,0
2020-04-05,2020-03-13,614,123,0
2020-04-05,2020-03-14,629,148,2
2020-04-05,2020-03-15,1008,191,5
2020-04-05,2020-03-16,2033,304,9
2020-04-05,2020-03-17,2335,326,7
2020-04-05,2020-03-18,2791,395,21
2020-04-05,2020-03-19,3463,485,25
2020-04-05,2020-03-20,3699,558,43
2020-04-05,2020-03-21,2179,550,34
2020-04-05,2020-03-22,2057,581,44
2020-04-05,2020-03-23,3114,790,77
2020-04-05,2020-03-24,3525,774,84
2020-04-05,2020-03-25,3837,844,106
2020-04-05,2020-03-26,3960,870,155
2020-04-05,2020-03-27,4010,901,167
2020-04-05,2020-03-28,2388,741,191
2020-04-05,2020-03-29,2652,834,214
2020-04-05,2020-03-30,4356,963,218
2020-04-05,2020-03-31,3710,823,258
2020-04-05,2020-04-01,3571,905,217
2020-04-05,2020-04-02,3905,956,213
2020-04-05,2020-04-03,3250,786,209
2020-04-05,2020-04-04,1091,111,137
2020-04-05,2020-04-05,82,0,34
2020-04-06,2020-03-02,1,3,0
2020-04-06,2020-03-03,2,3,0
2020-04-06,2020-03-04,10,5,0
2020-04-06,2020-03-05,2,4,0
2020-04-06,2020-03-06,8,5,0
2020-04-06,2020-03-07,13,9,0
2020-04-06,2020-03-08,20,12,0
2020-04-06,2020-03-09,53,24,0
2020-04-06,2020-03-10,71,38,0
2020-04-06,2020-03-11,156,57,1
2020-04-06,2020-03-12,357,62,0
2020-04-06,2020-03-13,614,123,0
2020-04-06,2020-03-14,630,149,2
2020-04-06,2020-03-15,1009,191,5
2020-04-06,2020-03-16,2033,305,9
2020-04-06,2020-03-17,2337,326,7
2020-04-06,2020-03-18,2799,395,21
2020-04-06,2020-03-19,3465,487,25
2020-04-06,2020-03-20,3699,557,43
2020-04-06,2020-03-21,2179,554,34
2020-04-06,2020-03-22,2062,584,44
2020-04-06,2020-03-23,3115,793,77
2020-04-06,2020-03-24,3534,780,84
2020-04-06,2020-03-25,3844,855,106
2020-04-06,2020-03-26,3982,882,156
2020-04-06,2020-03-27,4046,904,167
2020-04-06,2020-03-28,2673,753,191
2020-04-06,2020-03-29,2714,846,215
2020-04-06,2020-03-30,4374,984,220
2020-04-06,2020-03-31,3735,848,262
2020-04-06,2020-04-01,3823,944,225
2020-04-06,2020-04-02,4461,1014,225
2020-04-06,2020-04-03,3711,994,217
2020-04-06,2020-04-04,2112,679,190
2020-04-06,2020-04-05,1054,139,184
2020-04-06,2020-04-06,75,1,26
2020-04-07,2020-03-02,1,10,0
2020-04-07,2020-03-03,2,8,0
2020-04-07,2020-03-04,10,9,0
2020-04-07,2020-03-05,2,13,0
2020-04-07,2020-03-06,8,10,0
2020-04-07,2020-03-07,13,9,0
2020-04-07,2020-03-08,20,14,0
2020-04-07,2020-03-09,53,29,0
2020-04-07,2020-03-10,73,43,0
2020-04-07,2020-03-11,156,66,1
2020-04-07,2020-03-12,358,69,1
2020-04-07,2020-03-13,617,128,0
2020-04-07,2020-03-14,637,151,2
2020-04-07,2020-03-15,1026,185,6
2020-04-07,2020-03-16,2095,305,9
2020-04-07,2020-03-17,2389,339,7
2020-04-07,2020-03-18,2892,420,21
2020-04-07,2020-03-19,3573,504,25
2020-04-07,2020-03-20,3762,572,44
2020-04-07,2020-03-21,2209,623,36
2020-04-07,2020-03-22,2075,660,45
2020-04-07,2020-03-23,3151,936,79
2020-04-07,2020-03-24,3670,979,88
2020-04-07,2020-03-25,3924,1149,109
2020-04-07,2020-03-26,4084,1232,164
2020-04-07,2020-03-27,4138,1187,175
2020-04-07,2020-03-28,2817,1079,220
2020-04-07,2020-03-29,2857,1177,241
2020-04-07,2020-03-30,4572,1375,254
2020-04-07,2020-03-31,3854,1205,309
2020-04-07,2020-04-01,4017,1138,311
2020-04-07,2020-04-02,4739,1184,325
2020-04-07,2020-04-03,4173,1137,285
2020-04-07,2020-04-04,2730,788,272
2020-04-07,2020-04-05,2212,302,290
2020-04-07,2020-04-06,1587,17,199
2020-04-07,2020-04-07,101,0,22
2020-04-08,2020-03-02,1,10,0
2020-04-08,2020-03-03,3,8,0
2020-04-08,2020-03-04,10,9,0
2020-04-08,2020-03-05,2,13,0
2020-04-08,2020-03-06,8,10,0
2020-04-08,2020-03-07,13,9,0
2020-04-08,2020-03-08,20,14,0
2020-04-08,2020-03-09,53,29,0
2020-04-08,2020-03-10,73,43,0
2020-04-08,2020-03-11,156,66,1
2020-04-08,2020-03-12,358,69,1
2020-04-08,2020-03-13,619,129,0
2020-04-08,2020-03-14,641,151,2
2020-04-08,2020-03-15,1027,185,6
2020-04-08,2020-03-16,2105,304,9
2020-04-08,2020-03-17,2387,342,7
2020-04-08,2020-03-18,2893,422,21
2020-04-08,2020-03-19,3573,506,25
2020-04-08,2020-03-20,3804,570,44
2020-04-08,2020-03-21,2239,626,36
2020-04-08,2020-03-22,2191,664,45
2020-04-08,2020-03-23,3242,939,80
2020-04-08,2020-03-24,3857,981,89
2020-04-08,2020-03-25,4075,1155,110
2020-04-08,2020-03-26,4146,1239,167
2020-04-08,2020-03-27,4235,1209,179
2020-04-08,2020-03-28,2851,1098,230
2020-04-08,2020-03-29,2956,1184,247
2020-04-08,2020-03-30,4899,1384,266
2020-04-08,2020-03-31,3986,1226,319
2020-04-08,2020-04-01,4089,1157,337
2020-04-08,2020-04-02,5013,1213,361
2020-04-08,2020-04-03,4464,1191,362
2020-04-08,2020-04-04,3026,972,336
2020-04-08,2020-04-05,2614,819,379
2020-04-08,2020-04-06,3086,391,327
2020-04-08,2020-04-07,1378,11,235
2020-04-08,2020-04-08,107,0,34
2020-04-09,2020-03-02,1,11,0
2020-04-09,2020-03-03,3,8,0
2020-04-09,2020-03-04,10,9,0
2020-04-09,2020-03-05,2,13,0
2020-04-09,2020-03-06,8,10,0
2020-04-09,2020-03-07,14,9,0
2020-04-09,2020-03-08,20,14,0
2020-04-09,2020-03-09,53,30,0
2020-04-09,2020-03-10,75,43,0
2020-04-09,2020-03-11,156,65,1
2020-04-09,2020-03-12,358,71,1
2020-04-09,2020-03-13,621,129,0
2020-04-09,2020-03-14,642,153,2
2020-04-09,2020-03-15,1027,185,6
2020-04-09,2020-03-16,2106,304,9
2020-04-09,2020-03-17,2387,342,7
2020-04-09,2020-03-18,2893,423,21
2020-04-09,2020-03-19,3576,502,25
2020-04-09,2020-03-20,3812,570,45
2020-04-09,2020-03-21,2280,630,36
2020-04-09,2020-03-22,2200,669,45
2020-04-09,2020-03-23,3253,941,80
2020-04-09,2020-03-24,3929,990,90
2020-04-09,2020-03-25,4164,1159,112
2020-04-09,2020-03-26,4519,1239,170
2020-04-09,2020-03-27,4583,1213,183
2020-04-09,2020-03-28,3053,1104,230
2020-04-09,2020-03-29,3131,1188,249
2020-04-09,2020-03-30,5546,1399,269
2020-04-09,2020-03-31,4689,1230,323
2020-04-09,2020-04-01,4287,1162,349
2020-04-09,2020-04-02,5168,1221,368
2020-04-09,2020-04-03,4821,1214,374
2020-04-09,2020-04-04,3136,1018,357
2020-04-09,2020-04-05,3037,947,406
2020-04-09,2020-04-06,4237,864,364
2020-04-09,2020-04-07,2679,337,327
2020-04-09,2020-04-08,1161,23,221
2020-04-09,2020-04-09,82,0,35
2020-04-10,2020-03-02,1,13,0
2020-04-10,2020-03-03,3,10,0
2020-04-10,2020-03-04,10,13,0
2020-04-10,2020-03-05,2,18,0
2020-04-10,2020-03-06,8,17,0
2020-04-10,2020-03-07,14,9,0
2020-04-10,2020-03-08,20,15,0
2020-04-10,2020-03-09,53,35,0
2020-04-10,2020-03-10,75,49,0
2020-04-10,2020-03-11,156,73,1
2020-04-10,2020-03-12,358,75,1
2020-04-10,2020-03-13,621,138,0
2020-04-10,2020-03-14,642,151,2
2020-04-10,2020-03-15,1027,186,6
2020-04-10,2020-03-16,2106,305,9
2020-04-10,2020-03-17,2388,345,7
2020-04-10,2020-03-18,2893,438,21
2020-04-10,2020-03-19,3577,517,25
2020-04-10,2020-03-20,3818,609,45
2020-04-10,2020-03-21,2477,647,36
2020-04-10,2020-03-22,2413,687,45
2020-04-10,2020-03-23,3287,981,80
2020-04-10,2020-03-24,4133,1049,90
2020-04-10,2020-03-25,4488,1215,112
2020-04-10,2020-03-26,4627,1319,170
2020-04-10,2020-03-27,4680,1283,183
2020-04-10,2020-03-28,3137,1227,232
2020-04-10,2020-03-29,3184,1290,252
2020-04-10,2020-03-30,5633,1562,275
2020-04-10,2020-03-31,4922,1437,324
2020-04-10,2020-04-01,4684,1439,363
2020-04-10,2020-04-02,5206,1617,392
2020-04-10,2020-04-03,4899,1627,410
2020-04-10,2020-04-04,3230,1340,398
2020-04-10,2020-04-05,3184,1290,447
2020-04-10,2020-04-06,5024,1394,427
2020-04-10,2020-04-07,3876,913,419
2020-04-10,2020-04-08,2507,368,321
2020-04-10,2020-04-09,967,3,238
2020-04-10,2020-04-10,74,0,32
2020-04-11,2020-03-02,1,13,0
2020-04-11,2020-03-03,3,9,0
2020-04-11,2020-03-04,10,13,0
2020-04-11,2020-03-05,2,18,0
2020-04-11,2020-03-06,8,17,0
2020-04-11,2020-03-07,14,9,0
2020-04-11,2020-03-08,20,15,0
2020-04-11,2020-03-09,53,35,0
2020-04-11,2020-03-10,75,49,0
2020-04-11,2020-03-11,156,73,1
2020-04-11,2020-03-12,358,75,1
2020-04-11,2020-03-13,621,138,0
2020-04-11,2020-03-14,642,151,2
2020-04-11,2020-03-15,1027,186,6
2020-04-11,2020-03-16,2106,305,9
2020-04-11,2020-03-17,2388,346,7
2020-04-11,2020-03-18,2894,438,21
2020-04-11,2020-03-19,3578,518,25
2020-04-11,2020-03-20,3818,609,45
2020-04-11,2020-03-21,2477,648,36
2020-04-11,2020-03-22,2413,692,45
2020-04-11,2020-03-23,3287,981,80
2020-04-11,2020-03-24,4133,1053,90
2020-04-11,2020-03-25,4495,1219,112
2020-04-11,2020-03-26,4637,1325,172
2020-04-11,2020-03-27,4685,1287,184
2020-04-11,2020-03-28,3143,1229,234
2020-04-11,2020-03-29,3184,1298,253
2020-04-11,2020-03-30,5638,1576,275
2020-04-11,2020-03-31,4928,1445,327
2020-04-11,2020-04-01,4708,1449,363
2020-04-11,2020-04-02,5273,1624,395
2020-04-11,2020-04-03,4945,1634,412
2020-04-11,2020-04-04,3287,1354,406
2020-04-11,2020-04-05,3285,1323,453
2020-04-11,2020-04-06,5466,1560,442
2020-04-11,2020-04-07,4279,1280,459
2020-04-11,2020-04-08,3290,934,364
2020-04-11,2020-04-09,2510,307,291
2020-04-11,2020-04-10,853,8,199
2020-04-11,2020-04-11,20,0,29
2020-04-13,2020-03-02,1,12,0
2020-04-13,2020-03-03,4,10,0
2020-04-13,2020-03-04,10,13,0
2020-04-13,2020-03-05,2,18,0
2020-04-13,2020-03-06,8,17,0
2020-04-13,2020-03-07,14,9,0
2020-04-13,2020-03-08,20,15,0
2020-04-13,2020-03-09,53,36,0
2020-04-13,2020-03-10,75,48,0
2020-04-13,2020-03-11,157,72,1
2020-04-13,2020-03-12,358,75,1
2020-04-13,2020-03-13,621,138,0
2020-04-13,2020-03-14,643,151,2
2020-04-13,2020-03-15,1028,184,6
2020-04-13,2020-03-16,2106,301,9
2020-04-13,2020-03-17,2391,342,7
2020-04-13,2020-03-18,2895,435,21
2020-04-13,2020-03-19,3578,513,25
2020-04-13,2020-03-20,3819,604,45
2020-04-13,2020-03-21,2477,643,36
2020-04-13,2020-03-22,2414,679,45
2020-04-13,2020-03-23,3288,972,80
2020-04-13,2020-03-24,4133,1045,90
2020-04-13,2020-03-25,4495,1213,112
2020-04-13,2020-03-26,4638,1312,173
2020-04-13,2020-03-27,4690,1270,184
2020-04-13,2020-03-28,3153,1224,235
2020-04-13,2020-03-29,3196,1291,254
2020-04-13,2020-03-30,5644,1563,277
2020-04-13,2020-03-31,4931,1443,328
2020-04-13,2020-04-01,4720,1436,365
2020-04-13,2020-04-02,5455,1632,398
2020-04-13,2020-04-03,4988,1633,418
2020-04-13,2020-04-04,3608,1355,417
2020-04-13,2020-04-05,3425,1335,468
2020-04-13,2020-04-06,5931,1610,455
2020-04-13,2020-04-07,5388,1369,476
2020-04-13,2020-04-08,4549,1232,396
2020-04-13,2020-04-09,3332,835,340
2020-04-13,2020-04-10,2671,611,295
2020-04-13,2020-04-11,1372,149,191
2020-04-13,2020-04-12,501,5,29
2020-04-13,2020-04-13,28,0,0
2020-04-14,2020-03-02,1,12,0
2020-04-14,2020-03-03,4,10,0
2020-04-14,2020-03-04,10,13,0
2020-04-14,2020-03-05,2,17,0
2020-04-14,2020-03-06,8,17,0
2020-04-14,2020-03-07,14,9,0
2020-04-14,2020-03-08,20,15,0
2020-04-14,2020-03-09,54,36,0
2020-04-14,2020-03-10,75,48,0
2020-04-14,2020-03-11,157,72,1
2020-04-14,2020-03-12,358,75,1
2020-04-14,2020-03-13,621,138,0
2020-04-14,2020-03-14,643,151,2
2020-04-14,2020-03-15,1028,186,6
2020-04-14,2020-03-16,2106,301,9
2020-04-14,2020-03-17,2391,342,7
2020-04-14,2020-03-18,2895,435,21
2020-04-14,2020-03-19,3579,512,25
2020-04-14,2020-03-20,3819,604,45
2020-04-14,2020-03-21,2477,642,36
2020-04-14,2020-03-22,2414,679,45
2020-04-14,2020-03-23,3288,973,80
2020-04-14,2020-03-24,4134,1045,90
2020-04-14,2020-03-25,4495,1214,113
2020-04-14,2020-03-26,4638,1312,173
2020-04-14,2020-03-27,4691,1270,184
2020-04-14,2020-03-28,3160,1225,236
2020-04-14,2020-03-29,3206,1290,255
2020-04-14,2020-03-30,5650,1565,277
2020-04-14,2020-03-31,4937,1440,329
2020-04-14,2020-04-01,4723,1437,366
2020-04-14,2020-04-02,5460,1633,398
2020-04-14,2020-04-03,4999,1632,420
2020-04-14,2020-04-04,3615,1356,421
2020-04-14,2020-04-05,3433,1337,473
2020-04-14,2020-04-06,5957,1612,463
2020-04-14,2020-04-07,5424,1373,487
2020-04-14,2020-04-08,4639,1239,411
2020-04-14,2020-04-09,3405,855,358
2020-04-14,2020-04-10,2710,644,316
2020-04-14,2020-04-11,1392,190,264
2020-04-14,2020-04-12,562,5,195
2020-04-14,2020-04-13,66,0,29
2020-04-15,2020-03-02,1,12,0
2020-04-15,2020-03-03,3,10,0
2020-04-15,2020-03-04,10,13,0
2020-04-15,2020-03-05,2,17,0
2020-04-15,2020-03-06,8,17,0
2020-04-15,2020-03-07,14,9,0
2020-04-15,2020-03-08,21,15,0
2020-04-15,2020-03-09,54,36,0
2020-04-15,2020-03-10,75,48,0
2020-04-15,2020-03-11,157,72,1
2020-04-15,2020-03-12,358,75,1
2020-04-15,2020-03-13,621,138,0
2020-04-15,2020-03-14,644,151,2
2020-04-15,2020-03-15,1028,186,6
2020-04-15,2020-03-16,2106,301,9
2020-04-15,2020-03-17,2391,342,7
2020-04-15,2020-03-18,2895,435,21
2020-04-15,2020-03-19,3580,512,25
2020-04-15,2020-03-20,3820,605,45
2020-04-15,2020-03-21,2478,642,36
2020-04-15,2020-03-22,2414,677,45
2020-04-15,2020-03-23,3291,975,80
2020-04-15,2020-03-24,4135,1045,90
2020-04-15,2020-03-25,4501,1213,113
2020-04-15,2020-03-26,4648,1314,173
2020-04-15,2020-03-27,4712,1268,184
2020-04-15,2020-03-28,3196,1224,236
2020-04-15,2020-03-29,3218,1289,255
2020-04-15,2020-03-30,5695,1564,277
2020-04-15,2020-03-31,4960,1443,329
2020-04-15,2020-04-01,4864,1437,366
2020-04-15,2020-04-02,5520,1627,399
2020-04-15,2020-04-03,5369,1638,421
2020-04-15,2020-04-04,3655,1351,421
2020-04-15,2020-04-05,3523,1337,472
2020-04-15,2020-04-06,6021,1609,463
2020-04-15,2020-04-07,5545,1371,487
2020-04-15,2020-04-08,4974,1249,411
2020-04-15,2020-04-09,3991,884,363
2020-04-15,2020-04-10,3307,680,328
2020-04-15,2020-04-11,1740,216,283
2020-04-15,2020-04-12,1053,112,241
2020-04-15,2020-04-13,797,10,156
2020-04-15,2020-04-14,26,0,43
2020-04-16,2020-03-02,1,12,0
2020-04-16,2020-03-03,3,7,0
2020-04-16,2020-03-04,10,10,0
2020-04-16,2020-03-05,2,15,0
2020-04-16,2020-03-06,8,11,0
2020-04-16,2020-03-07,14,9,0
2020-04-16,2020-03-08,21,15,0
2020-04-16,2020-03-09,54,36,0
2020-04-16,2020-03-10,75,47,0
2020-04-16,2020-03-11,157,71,1
2020-04-16,2020-03-12,358,74,1
2020-04-16,2020-03-13,622,138,0
2020-04-16,2020-03-14,645,154,2
2020-04-16,2020-03-15,1028,188,6
2020-04-16,2020-03-16,2106,302,9
2020-04-16,2020-03-17,2392,341,7
2020-04-16,2020-03-18,2929,434,21
2020-04-16,2020-03-19,3653,512,25
2020-04-16,2020-03-20,3957,608,46
2020-04-16,2020-03-21,2589,641,39
2020-04-16,2020-03-22,2542,680,45
2020-04-16,2020-03-23,3475,981,81
2020-04-16,2020-03-24,4367,1056,92
2020-04-16,2020-03-25,4704,1219,115
2020-04-16,2020-03-26,4869,1310,178
2020-04-16,2020-03-27,4952,1267,198
2020-04-16,2020-03-28,3348,1222,247
2020-04-16,2020-03-29,3423,1302,263
2020-04-16,2020-03-30,5961,1550,287
2020-04-16,2020-03-31,5133,1432,342
2020-04-16,2020-04-01,4885,1431,383
2020-04-16,2020-04-02,5528,1619,411
2020-04-16,2020-04-03,5389,1618,429
2020-04-16,2020-04-04,3657,1355,434
2020-04-16,2020-04-05,3549,1340,488
2020-04-16,2020-04-06,6088,1606,490
2020-04-16,2020-04-07,5654,1360,509
2020-04-16,2020-04-08,5101,1279,430
2020-04-16,2020-04-09,4104,991,391
2020-04-16,2020-04-10,3743,890,353
2020-04-16,2020-04-11,2407,616,329
2020-04-16,2020-04-12,1374,357,303
2020-04-16,2020-04-13,1836,152,279
2020-04-16,2020-04-14,816,29,152
2020-04-16,2020-04-15,34,0,13
2020-04-17,2020-03-02,1,12,0
2020-04-17,2020-03-03,3,7,0
2020-04-17,2020-03-04,10,10,0
2020-04-17,2020-03-05,2,15,0
2020-04-17,2020-03-06,8,11,0
2020-04-17,2020-03-07,14,9,0
2020-04-17,2020-03-08,21,15,0
2020-04-17,2020-03-09,54,35,0
2020-04-17,2020-03-10,75,47,0
2020-04-17,2020-03-11,157,71,1
2020-04-17,2020-03-12,358,74,1
2020-04-17,2020-03-13,622,138,0
2020-04-17,2020-03-14,645,155,2
2020-04-17,2020-03-15,1029,188,6
2020-04-17,2020-03-16,2106,303,9
2020-04-17,2020-03-17,2392,341,7
2020-04-17,2020-03-18,2928,442,21
2020-04-17,2020-03-19,3653,536,25
2020-04-17,2020-03-20,3958,633,46
2020-04-17,2020-03-21,2591,669,40
2020-04-17,2020-03-22,2542,706,46
2020-04-17,2020-03-23,3477,1018,81
2020-04-17,2020-03-24,4365,1127,92
2020-04-17,2020-03-25,4705,1264,119
2020-04-17,2020-03-26,4872,1367,184
2020-04-17,2020-03-27,4953,1337,203
2020-04-17,2020-03-28,3350,1260,253
2020-04-17,2020-03-29,3424,1358,274
2020-04-17,2020-03-30,5973,1628,295
2020-04-17,2020-03-31,5136,1470,355
2020-04-17,2020-04-01,4888,1440,396
2020-04-17,2020-04-02,5533,1618,427
2020-04-17,2020-04-03,5396,1623,436
2020-04-17,2020-04-04,3666,1361,443
2020-04-17,2020-04-05,3566,1343,496
2020-04-17,2020-04-06,6118,1616,499
2020-04-17,2020-04-07,5706,1371,519
2020-04-17,2020-04-08,5229,1294,443
2020-04-17,2020-04-09,4647,1014,409
2020-04-17,2020-04-10,3979,923,373
2020-04-17,2020-04-11,3113,685,350
2020-04-17,2020-04-12,2034,624,332
2020-04-17,2020-04-13,2214,628,314
2020-04-17,2020-04-14,1851,285,214
2020-04-17,2020-04-15,756,15,37
2020-04-17,2020-04-16,26,0,0
2020-04-18,2020-03-02,1,12,0
2020-04-18,2020-03-03,3,7,0
2020-04-18,2020-03-04,10,10,0
2020-04-18,2020-03-05,2,15,0
2020-04-18,2020-03-06,8,11,0
2020-04-18,2020-03-07,14,10,0
2020-04-18,2020-03-08,21,15,0
2020-04-18,2020-03-09,54,35,0
2020-04-18,2020-03-10,75,47,0
2020-04-18,2020-03-11,157,70,1
2020-04-18,2020-03-12,358,75,1
2020-04-18,2020-03-13,622,138,0
2020-04-18,2020-03-14,645,155,2
2020-04-18,2020-03-15,1029,187,6
2020-04-18,2020-03-16,2107,303,9
2020-04-18,2020-03-17,2392,341,7
2020-04-18,2020-03-18,2930,442,21
2020-04-18,2020-03-19,3659,537,25
2020-04-18,2020-03-20,3960,633,46
2020-04-18,2020-03-21,2592,669,40
2020-04-18,2020-03-22,2543,706,48
2020-04-18,2020-03-23,3482,1018,81
2020-04-18,2020-03-24,4369,1130,92
2020-04-18,2020-03-25,4707,1265,120
2020-04-18,2020-03-26,4874,1368,185
2020-04-18,2020-03-27,4964,1341,205
2020-04-18,2020-03-28,3350,1261,256
2020-04-18,2020-03-29,3426,1357,274
2020-04-18,2020-03-30,5979,1632,299
2020-04-18,2020-03-31,5143,1473,356
2020-04-18,2020-04-01,4895,1440,399
2020-04-18,2020-04-02,5540,1620,431
2020-04-18,2020-04-03,5399,1625,439
2020-04-18,2020-04-04,3679,1366,446
2020-04-18,2020-04-05,3567,1344,500
2020-04-18,2020-04-06,6143,1611,506
2020-04-18,2020-04-07,5763,1368,528
2020-04-18,2020-04-08,5290,1302,454
2020-04-18,2020-04-09,4759,1015,424
2020-04-18,2020-04-10,4104,925,396
2020-04-18,2020-04-11,3285,694,381
2020-04-18,2020-04-12,2400,625,382
2020-04-18,2020-04-13,2707,645,354
2020-04-18,2020-04-14,2787,312,279
2020-04-18,2020-04-15,1784,97,206
2020-04-18,2020-04-16,750,31,119
2020-04-18,2020-04-17,38,0,14
2020-04-19,2020-03-03,1,7,0
2020-04-19,2020-03-04,5,10,0
2020-04-19,2020-03-05,3,15,0
2020-04-19,2020-03-06,7,11,0
2020-04-19,2020-03-07,7,10,0
2020-04-19,2020-03-08,21,15,0
2020-04-19,2020-03-09,57,36,0
2020-04-19,2020-03-10,70,47,0
2020-04-19,2020-03-11,155,70,1
2020-04-19,2020-03-12,358,76,1
2020-04-19,2020-03-13,622,138,0
2020-04-19,2020-03-14,645,155,2
2020-04-19,2020-03-15,1031,187,6
2020-04-19,2020-03-16,2108,303,9
2020-04-19,2020-03-17,2393,341,7
2020-04-19,2020-03-18,2933,443,21
2020-04-19,2020-03-19,3660,537,25
2020-04-19,2020-03-20,3959,633,46
2020-04-19,2020-03-21,2594,668,40
2020-04-19,2020-03-22,2546,707,48
2020-04-19,2020-03-23,3485,1017,81
2020-04-19,2020-03-24,4372,1129,92
2020-04-19,2020-03-25,4710,1264,120
2020-04-19,2020-03-26,4876,1370,185
2020-04-19,2020-03-27,4966,1343,205
2020-04-19,2020-03-28,3359,1258,256
2020-04-19,2020-03-29,3426,1357,274
2020-04-19,2020-03-30,5986,1631,300
2020-04-19,2020-03-31,5145,1471,356
2020-04-19,2020-04-01,4903,1442,401
2020-04-19,2020-04-02,5541,1621,433
2020-04-19,2020-04-03,5404,1631,441
2020-04-19,2020-04-04,3682,1365,446
2020-04-19,2020-04-05,3572,1348,504
2020-04-19,2020-04-06,6155,1622,510
2020-04-19,2020-04-07,5821,1386,529
2020-04-19,2020-04-08,5337,1325,459
2020-04-19,2020-04-09,4805,1051,431
2020-04-19,2020-04-10,4170,961,412
2020-04-19,2020-04-11,3404,749,393
2020-04-19,2020-04-12,2529,714,402
2020-04-19,2020-04-13,2785,804,385
2020-04-19,2020-04-14,3277,663,311
2020-04-19,2020-04-15,2745,540,261
2020-04-19,2020-04-16,1573,218,196
2020-04-19,2020-04-17,560,29,94
2020-04-19,2020-04-18,23,0,23
2020-04-20,2020-03-03,1,7,0
2020-04-20,2020-03-04,5,10,0
2020-04-20,2020-03-05,3,15,0
2020-04-20,2020-03-06,7,11,0
2020-04-20,2020-03-07,7,10,0
2020-04-20,2020-03-08,21,15,0
2020-04-20,2020-03-09,57,36,0
2020-04-20,2020-03-10,70,47,0
2020-04-20,2020-03-11,153,70,1
2020-04-20,2020-03-12,355,76,1
2020-04-20,2020-03-13,616,138,0
2020-04-20,2020-03-14,636,155,2
2020-04-20,2020-03-15,1023,187,6
2020-04-20,2020-03-16,2104,302,9
2020-04-20,2020-03-17,2389,341,7
2020-04-20,2020-03-18,2934,443,21
2020-04-20,2020-03-19,3660,537,25
2020-04-20,2020-03-20,3960,632,46
2020-04-20,2020-03-21,2594,668,40
2020-04-20,2020-03-22,2543,707,48
2020-04-20,2020-03-23,3489,1015,81
2020-04-20,2020-03-24,4373,1129,92
2020-04-20,2020-03-25,4712,1264,120
2020-04-20,2020-03-26,4879,1370,185
2020-04-20,2020-03-27,4970,1344,206
2020-04-20,2020-03-28,3363,1258,256
2020-04-20,2020-03-29,3425,1358,274
2020-04-20,2020-03-30,5987,1632,300
2020-04-20,2020-03-31,5148,1469,358
2020-04-20,2020-04-01,4910,1445,401
2020-04-20,2020-04-02,5542,1620,435
2020-04-20,2020-04-03,5411,1631,441
2020-04-20,2020-04-04,3686,1364,450
2020-04-20,2020-04-05,3574,1347,506
2020-04-20,2020-04-06,6155,1623,513
2020-04-20,2020-04-07,5830,1385,533
2020-04-20,2020-04-08,5341,1324,459
2020-04-20,2020-04-09,4826,1051,436
2020-04-20,2020-04-10,4182,962,417
2020-04-20,2020-04-11,3467,748,401
2020-04-20,2020-04-12,2600,715,409
2020-04-20,2020-04-13,2974,803,393
2020-04-20,2020-04-14,3586,663,326
2020-04-20,2020-04-15,3015,541,280
2020-04-20,2020-04-16,2107,221,226
2020-04-20,2020-04-17,1389,86,175
2020-04-20,2020-04-18,377,18,99
2020-04-20,2020-04-19,8,0,18
2020-04-21,2020-03-03,1,6,0
2020-04-21,2020-03-04,5,10,0
2020-04-21,2020-03-05,3,15,0
2020-04-21,2020-03-06,7,11,0
2020-04-21,2020-03-07,7,10,0
2020-04-21,2020-03-08,21,15,0
2020-04-21,2020-03-09,57,36,0
2020-04-21,2020-03-10,70,47,0
2020-04-21,2020-03-11,153,71,1
2020-04-21,2020-03-12,355,76,1
2020-04-21,2020-03-13,616,138,0
2020-04-21,2020-03-14,636,155,2
2020-04-21,2020-03-15,1023,187,6
2020-04-21,2020-03-16,2104,301,9
2020-04-21,2020-03-17,2390,342,7
2020-04-21,2020-03-18,2934,443,21
2020-04-21,2020-03-19,3660,537,25
2020-04-21,2020-03-20,3960,632,46
2020-04-21,2020-03-21,2594,668,41
2020-04-21,2020-03-22,2543,706,48
2020-04-21,2020-03-23,3489,1015,81
2020-04-21,2020-03-24,4373,1129,92
2020-04-21,2020-03-25,4711,1261,120
2020-04-21,2020-03-26,4879,1368,185
2020-04-21,2020-03-27,4973,1338,206
2020-04-21,2020-03-28,3365,1257,260
2020-04-21,2020-03-29,3424,1358,276
2020-04-21,2020-03-30,5987,1629,300
2020-04-21,2020-03-31,5148,1464,360
2020-04-21,2020-04-01,4915,1442,401
2020-04-21,2020-04-02,5547,1615,438
2020-04-21,2020-04-03,5414,1628,444
2020-04-21,2020-04-04,3689,1362,453
2020-04-21,2020-04-05,3575,1348,511
2020-04-21,2020-04-06,6161,1627,517
2020-04-21,2020-04-07,5834,1383,538
2020-04-21,2020-04-08,5343,1320,462
2020-04-21,2020-04-09,4826,1069,450
2020-04-21,2020-04-10,4182,986,429
2020-04-21,2020-04-11,3488,760,423
2020-04-21,2020-04-12,2609,748,423
2020-04-21,2020-04-13,3009,870,418
2020-04-21,2020-04-14,3762,775,350
2020-04-21,2020-04-15,3227,622,298
2020-04-21,2020-04-16,2460,458,251
2020-04-21,2020-04-17,2155,383,223
2020-04-21,2020-04-18,808,150,178
2020-04-21,2020-04-19,358,14,90
2020-04-21,2020-04-20,21,0,12
2020-04-22,2020-03-03,1,6,0
2020-04-22,2020-03-04,5,10,0
2020-04-22,2020-03-05,3,15,0
2020-04-22,2020-03-06,7,11,0
2020-04-22,2020-03-07,7,10,0
2020-04-22,2020-03-08,21,15,0
2020-04-22,2020-03-09,57,36,0
2020-04-22,2020-03-10,70,47,0
2020-04-22,2020-03-11,153,71,1
2020-04-22,2020-03-12,355,76,1
2020-04-22,2020-03-13,616,138,0
2020-04-22,2020-03-14,636,155,2
2020-04-22,2020-03-15,1023,187,6
2020-04-22,2020-03-16,2105,299,9
2020-04-22,2020-03-17,2390,343,7
2020-04-22,2020-03-18,2934,443,21
2020-04-22,2020-03-19,3661,537,25
2020-04-22,2020-03-20,3960,631,46
2020-04-22,2020-03-21,2594,668,41
2020-04-22,2020-03-22,2543,705,48
2020-04-22,2020-03-23,3488,1014,81
2020-04-22,2020-03-24,4378,1129,92
2020-04-22,2020-03-25,4713,1262,121
2020-04-22,2020-03-26,4881,1370,185
2020-04-22,2020-03-27,4975,1339,206
2020-04-22,2020-03-28,3368,1257,261
2020-04-22,2020-03-29,3425,1356,277
2020-04-22,2020-03-30,5988,1631,303
2020-04-22,2020-03-31,5150,1464,362
2020-04-22,2020-04-01,4993,1441,402
2020-04-22,2020-04-02,5615,1618,441
2020-04-22,2020-04-03,5473,1628,447
2020-04-22,2020-04-04,3739,1361,459
2020-04-22,2020-04-05,3590,1348,516
2020-04-22,2020-04-06,6194,1627,521
2020-04-22,2020-04-07,5866,1383,543
2020-04-22,2020-04-08,5372,1323,470
2020-04-22,2020-04-09,4836,1069,470
2020-04-22,2020-04-10,4204,990,445
2020-04-22,2020-04-11,3530,759,442
2020-04-22,2020-04-12,2668,752,447
2020-04-22,2020-04-13,3104,873,441
2020-04-22,2020-04-14,3885,778,378
2020-04-22,2020-04-15,3511,625,323
2020-04-22,2020-04-16,2964,462,263
2020-04-22,2020-04-17,2660,388,247
2020-04-22,2020-04-18,1205,165,219
2020-04-22,2020-04-19,870,26,177
2020-04-22,2020-04-20,608,9,96
2020-04-22,2020-04-21,40,0,9
2020-04-23,2020-03-03,1,6,0
2020-04-23,2020-03-04,5,10,0
2020-04-23,2020-03-05,3,15,0
2020-04-23,2020-03-06,7,11,0
2020-04-23,2020-03-07,7,10,0
2020-04-23,2020-03-08,21,15,0
2020-04-23,2020-03-09,57,36,0
2020-04-23,2020-03-10,70,47,0
2020-04-23,2020-03-11,153,71,1
2020-04-23,2020-03-12,355,76,1
2020-04-23,2020-03-13,616,138,0
2020-04-23,2020-03-14,636,155,2
2020-04-23,2020-03-15,1023,187,6
2020-04-23,2020-03-16,2105,300,9
2020-04-23,2020-03-17,2390,343,7
2020-04-23,2020-03-18,2937,443,21
2020-04-23,2020-03-19,3660,537,25
2020-04-23,2020-03-20,3962,631,46
2020-04-23,2020-03-21,2594,668,41
2020-04-23,2020-03-22,2544,705,48
2020-04-23,2020-03-23,3489,1014,81
2020-04-23,2020-03-24,4379,1129,92
2020-04-23,2020-03-25,4714,1263,121
2020-04-23,2020-03-26,4887,1370,185
2020-04-23,2020-03-27,4976,1338,206
2020-04-23,2020-03-28,3368,1259,261
2020-04-23,2020-03-29,3426,1355,277
2020-04-23,2020-03-30,5990,1632,303
2020-04-23,2020-03-31,5152,1464,362
2020-04-23,2020-04-01,4997,1443,402
2020-04-23,2020-04-02,5627,1618,441
2020-04-23,2020-04-03,5475,1627,449
2020-04-23,2020-04-04,3739,1360,463
2020-04-23,2020-04-05,3592,1351,517
2020-04-23,2020-04-06,6195,1629,523
2020-04-23,2020-04-07,5868,1382,546
2020-04-23,2020-04-08,5376,1321,474
2020-04-23,2020-04-09,4843,1070,481
2020-04-23,2020-04-10,4206,993,453
2020-04-23,2020-04-11,3535,762,448
2020-04-23,2020-04-12,2698,753,455
2020-04-23,2020-04-13,3185,878,453
2020-04-23,2020-04-14,4000,779,389
2020-04-23,2020-04-15,3654,633,335
2020-04-23,2020-04-16,3213,475,274
2020-04-23,2020-04-17,3100,482,268
2020-04-23,2020-04-18,1585,295,246
2020-04-23,2020-04-19,1602,190,221
2020-04-23,2020-04-20,1309,79,185
2020-04-23,2020-04-21,405,26,76
2020-04-23,2020-04-22,19,0,15
2020-04-24,2020-03-03,1,6,0
2020-04-24,2020-03-04,5,10,0
2020-04-24,2020-03-05,3,15,0
2020-04-24,2020-03-06,7,11,0
2020-04-24,2020-03-07,7,10,0
2020-04-24,2020-03-08,21,15,0
2020-04-24,2020-03-09,57,36,0
2020-04-24,2020-03-10,70,46,0
2020-04-24,2020-03-11,153,71,1
2020-04-24,2020-03-12,355,76,1
2020-04-24,2020-03-13,616,137,0
2020-04-24,2020-03-14,636,152,2
2020-04-24,2020-03-15,1023,188,6
2020-04-24,2020-03-16,2111,299,9
2020-04-24,2020-03-17,2440,343,7
2020-04-24,2020-03-18,2945,443,21
2020-04-24,2020-03-19,3667,536,25
2020-04-24,2020-03-20,3975,626,46
2020-04-24,2020-03-21,2598,668,41
2020-04-24,2020-03-22,2543,700,48
2020-04-24,2020-03-23,3493,1026,81
2020-04-24,2020-03-24,4379,1136,92
2020-04-24,2020-03-25,4718,1266,121
2020-04-24,2020-03-26,4891,1377,185
2020-04-24,2020-03-27,4975,1347,207
2020-04-24,2020-03-28,3369,1265,262
2020-04-24,2020-03-29,3427,1364,278
2020-04-24,2020-03-30,5989,1645,303
2020-04-24,2020-03-31,5154,1495,362
2020-04-24,2020-04-01,5003,1452,405
2020-04-24,2020-04-02,5626,1637,444
2020-04-24,2020-04-03,5481,1629,453
2020-04-24,2020-04-04,3739,1379,464
2020-04-24,2020-04-05,3594,1377,521
2020-04-24,2020-04-06,6198,1688,527
2020-04-24,2020-04-07,5877,1515,550
2020-04-24,2020-04-08,5379,1435,491
2020-04-24,2020-04-09,4845,1159,493
2020-04-24,2020-04-10,4208,1105,468
2020-04-24,2020-04-11,3538,880,463
2020-04-24,2020-04-12,2701,851,480
2020-04-24,2020-04-13,3200,970,473
2020-04-24,2020-04-14,4022,875,417
2020-04-24,2020-04-15,3716,684,358
2020-04-24,2020-04-16,3360,517,311
2020-04-24,2020-04-17,3386,504,283
2020-04-24,2020-04-18,1938,303,263
2020-04-24,2020-04-19,2138,203,243
2020-04-24,2020-04-20,2806,131,216
2020-04-24,2020-04-21,1212,90,158
2020-04-24,2020-04-22,470,21,78
2020-04-24,2020-04-23,72,0,12
2020-04-25,2020-03-03,1,6,0
2020-04-25,2020-03-04,5,10,0
2020-04-25,2020-03-05,3,13,0
2020-04-25,2020-03-06,7,11,0
2020-04-25,2020-03-07,7,10,0
2020-04-25,2020-03-08,21,15,0
2020-04-25,2020-03-09,57,35,0
2020-04-25,2020-03-10,70,46,0
2020-04-25,2020-03-11,153,70,1
2020-04-25,2020-03-12,355,75,1
2020-04-25,2020-03-13,616,136,0
2020-04-25,2020-03-14,636,151,2
2020-04-25,2020-03-15,1023,188,6
2020-04-25,2020-03-16,2111,299,9
2020-04-25,2020-03-17,2439,339,7
2020-04-25,2020-03-18,2946,442,21
2020-04-25,2020-03-19,3667,536,25
2020-04-25,2020-03-20,3975,625,46
2020-04-25,2020-03-21,2598,665,41
2020-04-25,2020-03-22,2543,697,48
2020-04-25,2020-03-23,3496,1028,81
2020-04-25,2020-03-24,4380,1144,92
2020-04-25,2020-03-25,4720,1265,121
2020-04-25,2020-03-26,4894,1386,185
2020-04-25,2020-03-27,4979,1355,207
2020-04-25,2020-03-28,3370,1279,262
2020-04-25,2020-03-29,3429,1369,278
2020-04-25,2020-03-30,5990,1656,303
2020-04-25,2020-03-31,5154,1509,362
2020-04-25,2020-04-01,5006,1476,405
2020-04-25,2020-04-02,5627,1639,445
2020-04-25,2020-04-03,5487,1640,455
2020-04-25,2020-04-04,3741,1396,466
2020-04-25,2020-04-05,3594,1408,523
2020-04-25,2020-04-06,6201,1736,529
2020-04-25,2020-04-07,5893,1568,552
2020-04-25,2020-04-08,5382,1494,492
2020-04-25,2020-04-09,4846,1255,498
2020-04-25,2020-04-10,4208,1173,474
2020-04-25,2020-04-11,3544,945,471
2020-04-25,2020-04-12,2701,905,487
2020-04-25,2020-04-13,3203,1027,480
2020-04-25,2020-04-14,4033,917,434
2020-04-25,2020-04-15,3729,727,369
2020-04-25,2020-04-16,3394,549,316
2020-04-25,2020-04-17,3421,575,289
2020-04-25,2020-04-18,2049,365,270
2020-04-25,2020-04-19,2240,363,249
2020-04-25,2020-04-20,3490,377,223
2020-04-25,2020-04-21,2377,325,162
2020-04-25,2020-04-22,2236,144,107
2020-04-25,2020-04-23,504,25,76
2020-04-25,2020-04-24,23,0,11
2020-04-26,2020-03-03,2,7,0
2020-04-26,2020-03-04,5,10,0
2020-04-26,2020-03-05,3,14,0
2020-04-26,2020-03-06,7,11,0
2020-04-26,2020-03-07,7,10,0
2020-04-26,2020-03-08,21,15,0
2020-04-26,2020-03-09,57,36,0
2020-04-26,2020-03-10,70,46,0
2020-04-26,2020-03-11,153,70,1
2020-04-26,2020-03-12,355,75,1
2020-04-26,2020-03-13,617,136,0
2020-04-26,2020-03-14,639,151,2
2020-04-26,2020-03-15,1025,188,6
2020-04-26,2020-03-16,2112,299,9
2020-04-26,2020-03-17,2439,339,7
2020-04-26,2020-03-18,2946,442,21
2020-04-26,2020-03-19,3667,536,25
2020-04-26,2020-03-20,3974,625,46
2020-04-26,2020-03-21,2597,666,41
2020-04-26,2020-03-22,2543,695,48
2020-04-26,2020-03-23,3494,1029,81
2020-04-26,2020-03-24,4379,1142,93
2020-04-26,2020-03-25,4719,1266,121
2020-04-26,2020-03-26,4892,1386,185
2020-04-26,2020-03-27,4978,1356,207
2020-04-26,2020-03-28,3368,1279,263
2020-04-26,2020-03-29,3428,1369,278
2020-04-26,2020-03-30,5990,1657,305
2020-04-26,2020-03-31,5154,1508,363
2020-04-26,2020-04-01,5006,1473,408
2020-04-26,2020-04-02,5628,1638,445
2020-04-26,2020-04-03,5486,1638,456
2020-04-26,2020-04-04,3742,1397,469
2020-04-26,2020-04-05,3597,1404,526
2020-04-26,2020-04-06,6202,1736,534
2020-04-26,2020-04-07,5892,1567,555
2020-04-26,2020-04-08,5387,1494,499
2020-04-26,2020-04-09,4845,1255,502
2020-04-26,2020-04-10,4208,1174,477
2020-04-26,2020-04-11,3544,945,476
2020-04-26,2020-04-12,2701,905,492
2020-04-26,2020-04-13,3203,1026,487
2020-04-26,2020-04-14,4037,918,445
2020-04-26,2020-04-15,3731,726,382
2020-04-26,2020-04-16,3405,552,334
2020-04-26,2020-04-17,3430,575,302
2020-04-26,2020-04-18,2060,365,295
2020-04-26,2020-04-19,2256,362,283
2020-04-26,2020-04-20,3620,381,264
2020-04-26,2020-04-21,2838,327,215
2020-04-26,2020-04-22,2978,159,192
2020-04-26,2020-04-23,1509,68,161
2020-04-26,2020-04-24,251,9,81
2020-04-26,2020-04-25,5,0,10
2020-04-27,2020-03-03,2,7,0
2020-04-27,2020-03-04,5,10,0
2020-04-27,2020-03-05,3,14,0
2020-04-27,2020-03-06,7,11,0
2020-04-27,2020-03-07,7,10,0
2020-04-27,2020-03-08,21,15,0
2020-04-27,2020-03-09,57,36,0
2020-04-27,2020-03-10,70,46,0
2020-04-27,2020-03-11,153,70,1
2020-04-27,2020-03-12,355,75,1
2020-04-27,2020-03-13,617,136,0
2020-04-27,2020-03-14,639,151,2
2020-04-27,2020-03-15,1025,188,6
2020-04-27,2020-03-16,2112,299,9
2020-04-27,2020-03-17,2439,339,7
2020-04-27,2020-03-18,2946,442,21
2020-04-27,2020-03-19,3668,536,25
2020-04-27,2020-03-20,3974,624,46
2020-04-27,2020-03-21,2597,665,41
2020-04-27,2020-03-22,2542,696,48
2020-04-27,2020-03-23,3492,1028,81
2020-04-27,2020-03-24,4378,1139,92
2020-04-27,2020-03-25,4715,1265,121
2020-04-27,2020-03-26,4896,1389,185
2020-04-27,2020-03-27,4976,1354,205
2020-04-27,2020-03-28,3369,1279,263
2020-04-27,2020-03-29,3426,1368,277
2020-04-27,2020-03-30,5989,1654,306
2020-04-27,2020-03-31,5152,1509,365
2020-04-27,2020-04-01,5006,1472,411
2020-04-27,2020-04-02,5628,1639,445
2020-04-27,2020-04-03,5486,1640,456
2020-04-27,2020-04-04,3741,1396,463
2020-04-27,2020-04-05,3596,1402,520
2020-04-27,2020-04-06,6198,1734,538
2020-04-27,2020-04-07,5892,1568,556
2020-04-27,2020-04-08,5387,1493,502
2020-04-27,2020-04-09,4845,1257,505
2020-04-27,2020-04-10,4208,1175,478
2020-04-27,2020-04-11,3544,946,479
2020-04-27,2020-04-12,2701,903,494
2020-04-27,2020-04-13,3203,1028,488
2020-04-27,2020-04-14,4037,919,453
2020-04-27,2020-04-15,3763,727,386
2020-04-27,2020-04-16,3407,567,338
2020-04-27,2020-04-17,3431,576,308
2020-04-27,2020-04-18,2059,405,301
2020-04-27,2020-04-19,2258,384,292
2020-04-27,2020-04-20,3630,408,275
2020-04-27,2020-04-21,2883,388,226
2020-04-27,2020-04-22,3255,301,217
2020-04-27,2020-04-23,2360,131,201
2020-04-27,2020-04-24,1625,60,145
2020-04-27,2020-04-25,300,10,57
2020-04-27,2020-04-26,23,0,7
2020-04-28,2020-03-03,2,7,0
2020-04-28,2020-03-04,5,10,0
2020-04-28,2020-03-05,3,14,0
2020-04-28,2020-03-06,7,11,0
2020-04-28,2020-03-07,7,10,0
2020-04-28,2020-03-08,21,15,0
2020-04-28,2020-03-09,57,36,0
2020-04-28,2020-03-10,70,46,0
2020-04-28,2020-03-11,153,70,1
2020-04-28,2020-03-12,355,75,1
2020-04-28,2020-03-13,617,136,0
2020-04-28,2020-03-14,639,151,2
2020-04-28,2020-03-15,1025,188,6
2020-04-28,2020-03-16,2112,299,9
2020-04-28,2020-03-17,2439,339,7
2020-04-28,2020-03-18,2946,442,21
2020-04-28,2020-03-19,3668,536,25
2020-04-28,2020-03-20,3974,624,46
2020-04-28,2020-03-21,2596,666,41
2020-04-28,2020-03-22,2542,696,48
2020-04-28,2020-03-23,3495,1029,81
2020-04-28,2020-03-24,4380,1141,92
2020-04-28,2020-03-25,4718,1263,121
2020-04-28,2020-03-26,4898,1389,185
2020-04-28,2020-03-27,4976,1352,207
2020-04-28,2020-03-28,3367,1278,262
2020-04-28,2020-03-29,3425,1366,277
2020-04-28,2020-03-30,5991,1652,305
2020-04-28,2020-03-31,5153,1510,364
2020-04-28,2020-04-01,5006,1471,412
2020-04-28,2020-04-02,5630,1637,446
2020-04-28,2020-04-03,5486,1640,454
2020-04-28,2020-04-04,3743,1395,470
2020-04-28,2020-04-05,3596,1404,524
2020-04-28,2020-04-06,6202,1735,539
2020-04-28,2020-04-07,5895,1567,556
2020-04-28,2020-04-08,5387,1494,501
2020-04-28,2020-04-09,4845,1256,505
2020-04-28,2020-04-10,4210,1174,478
2020-04-28,2020-04-11,3544,947,479
2020-04-28,2020-04-12,2702,906,494
2020-04-28,2020-04-13,3203,1029,487
2020-04-28,2020-04-14,4036,919,454
2020-04-28,2020-04-15,3766,734,388
2020-04-28,2020-04-16,3410,568,339
2020-04-28,2020-04-17,3446,577,309
2020-04-28,2020-04-18,2059,405,301
2020-04-28,2020-04-19,2259,387,293
2020-04-28,2020-04-20,3634,419,275
2020-04-28,2020-04-21,2889,409,226
2020-04-28,2020-04-22,3278,337,218
2020-04-28,2020-04-23,2455,271,203
2020-04-28,2020-04-24,1958,264,145
2020-04-28,2020-04-25,1050,94,80
2020-04-28,2020-04-26,354,16,68
2020-04-28,2020-04-27,27,1,10
2020-04-29,2020-03-03,2,7,0
2020-04-29,2020-03-04,5,10,0
2020-04-29,2020-03-05,3,14,0
2020-04-29,2020-03-06,7,11,0
2020-04-29,2020-03-07,7,10,0
2020-04-29,2020-03-08,21,15,0
2020-04-29,2020-03-09,57,36,0
2020-04-29,2020-03-10,70,46,0
2020-04-29,2020-03-11,153,70,1
2020-04-29,2020-03-12,355,74,1
2020-04-29,2020-03-13,617,134,0
2020-04-29,2020-03-14,639,151,2
2020-04-29,2020-03-15,1024,186,6
2020-04-29,2020-03-16,2112,298,9
2020-04-29,2020-03-17,2440,338,7
2020-04-29,2020-03-18,2944,440,21
2020-04-29,2020-03-19,3670,532,24
2020-04-29,2020-03-20,3975,618,45
2020-04-29,2020-03-21,2597,661,41
2020-04-29,2020-03-22,2543,694,48
2020-04-29,2020-03-23,3493,1022,81
2020-04-29,2020-03-24,4380,1136,92
2020-04-29,2020-03-25,4717,1254,121
2020-04-29,2020-03-26,4900,1379,185
2020-04-29,2020-03-27,4975,1339,207
2020-04-29,2020-03-28,3372,1277,264
2020-04-29,2020-03-29,3427,1366,278
2020-04-29,2020-03-30,5991,1647,307
2020-04-29,2020-03-31,5152,1500,364
2020-04-29,2020-04-01,5007,1463,413
2020-04-29,2020-04-02,5630,1628,448
2020-04-29,2020-04-03,5491,1628,459
2020-04-29,2020-04-04,3741,1390,470
2020-04-29,2020-04-05,3597,1379,526
2020-04-29,2020-04-06,6202,1731,540
2020-04-29,2020-04-07,5896,1558,560
2020-04-29,2020-04-08,5388,1472,507
2020-04-29,2020-04-09,4850,1239,511
2020-04-29,2020-04-10,4210,1169,483
2020-04-29,2020-04-11,3544,939,485
2020-04-29,2020-04-12,2700,898,502
2020-04-29,2020-04-13,3204,1049,497
2020-04-29,2020-04-14,4042,925,462
2020-04-29,2020-04-15,3770,810,401
2020-04-29,2020-04-16,3425,643,350
2020-04-29,2020-04-17,3475,689,319
2020-04-29,2020-04-18,2068,499,316
2020-04-29,2020-04-19,2270,458,305
2020-04-29,2020-04-20,3655,514,292
2020-04-29,2020-04-21,2920,509,245
2020-04-29,2020-04-22,3319,416,239
2020-04-29,2020-04-23,2596,324,231
2020-04-29,2020-04-24,2167,292,198
2020-04-29,2020-04-25,1163,175,144
2020-04-29,2020-04-26,807,101,123
2020-04-29,2020-04-27,1060,24,64
2020-04-29,2020-04-28,19,1,7
2020-04-30,2020-03-03,2,7,0
2020-04-30,2020-03-04,5,9,0
2020-04-30,2020-03-05,3,14,0
2020-04-30,2020-03-06,7,11,0
2020-04-30,2020-03-07,7,10,0
2020-04-30,2020-03-08,21,14,0
2020-04-30,2020-03-09,57,36,0
2020-04-30,2020-03-10,70,46,0
2020-04-30,2020-03-11,153,70,1
2020-04-30,2020-03-12,355,74,1
2020-04-30,2020-03-13,618,135,0
2020-04-30,2020-03-14,642,151,2
2020-04-30,2020-03-15,1026,187,6
2020-04-30,2020-03-16,2114,299,9
2020-04-30,2020-03-17,2443,339,7
2020-04-30,2020-03-18,2945,440,21
2020-04-30,2020-03-19,3671,533,24
2020-04-30,2020-03-20,3979,620,45
2020-04-30,2020-03-21,2598,665,41
2020-04-30,2020-03-22,2544,695,48
2020-04-30,2020-03-23,3496,1029,83
2020-04-30,2020-03-24,4380,1136,93
2020-04-30,2020-03-25,4721,1260,120
2020-04-30,2020-03-26,4916,1389,185
2020-04-30,2020-03-27,4982,1351,209
2020-04-30,2020-03-28,3379,1277,264
2020-04-30,2020-03-29,3429,1369,280
2020-04-30,2020-03-30,5993,1652,310
2020-04-30,2020-03-31,5155,1504,366
2020-04-30,2020-04-01,5015,1464,414
2020-04-30,2020-04-02,5635,1632,452
2020-04-30,2020-04-03,5500,1628,462
2020-04-30,2020-04-04,3744,1392,471
2020-04-30,2020-04-05,3606,1384,529
2020-04-30,2020-04-06,6203,1734,544
2020-04-30,2020-04-07,5905,1566,564
2020-04-30,2020-04-08,5391,1476,510
2020-04-30,2020-04-09,4855,1241,514
2020-04-30,2020-04-10,4219,1178,485
2020-04-30,2020-04-11,3553,944,487
2020-04-30,2020-04-12,2702,903,506
2020-04-30,2020-04-13,3204,1057,500
2020-04-30,2020-04-14,4046,926,463
2020-04-30,2020-04-15,3782,814,408
2020-04-30,2020-04-16,3430,647,364
2020-04-30,2020-04-17,3480,696,324
2020-04-30,2020-04-18,2072,501,322
2020-04-30,2020-04-19,2277,464,310
2020-04-30,2020-04-20,3685,519,298
2020-04-30,2020-04-21,2970,513,254
2020-04-30,2020-04-22,3371,417,249
2020-04-30,2020-04-23,2656,330,250
2020-04-30,2020-04-24,2240,299,218
2020-04-30,2020-04-25,1205,204,165
2020-04-30,2020-04-26,887,190,146
2020-04-30,2020-04-27,1950,128,104
2020-04-30,2020-04-28,905,19,58
2020-04-30,2020-04-29,12,0,3
2020-05-01,2020-03-03,2,7,0
2020-05-01,2020-03-04,5,8,0
2020-05-01,2020-03-05,3,14,0
2020-05-01,2020-03-06,7,12,0
2020-05-01,2020-03-07,7,10,0
2020-05-01,2020-03-08,21,14,0
2020-05-01,2020-03-09,57,36,0
2020-05-01,2020-03-10,70,46,0
2020-05-01,2020-03-11,153,70,1
2020-05-01,2020-03-12,355,73,1
2020-05-01,2020-03-13,618,135,0
2020-05-01,2020-03-14,642,151,2
2020-05-01,2020-03-15,1026,186,6
2020-05-01,2020-03-16,2114,299,9
2020-05-01,2020-03-17,2444,340,7
2020-05-01,2020-03-18,2947,437,21
2020-05-01,2020-03-19,3675,534,24
2020-05-01,2020-03-20,3979,621,45
2020-05-01,2020-03-21,2600,665,41
2020-05-01,2020-03-22,2545,694,48
2020-05-01,2020-03-23,3496,1025,83
2020-05-01,2020-03-24,4388,1138,93
2020-05-01,2020-03-25,4729,1257,121
2020-05-01,2020-03-26,4922,1390,185
2020-05-01,2020-03-27,4989,1351,209
2020-05-01,2020-03-28,3382,1278,265
2020-05-01,2020-03-29,3432,1366,281
2020-05-01,2020-03-30,6002,1648,313
2020-05-01,2020-03-31,5163,1502,367
2020-05-01,2020-04-01,5017,1464,417
2020-05-01,2020-04-02,5638,1624,453
2020-05-01,2020-04-03,5508,1627,462
2020-05-01,2020-04-04,3745,1387,472
2020-05-01,2020-04-05,3610,1384,530
2020-05-01,2020-04-06,6207,1731,545
2020-05-01,2020-04-07,5913,1564,570
2020-05-01,2020-04-08,5399,1470,514
2020-05-01,2020-04-09,4862,1244,516
2020-05-01,2020-04-10,4229,1177,490
2020-05-01,2020-04-11,3554,942,492
2020-05-01,2020-04-12,2707,900,520
2020-05-01,2020-04-13,3204,1051,512
2020-05-01,2020-04-14,4049,928,468
2020-05-01,2020-04-15,3789,803,413
2020-05-01,2020-04-16,3438,646,370
2020-05-01,2020-04-17,3486,691,330
2020-05-01,2020-04-18,2076,501,330
2020-05-01,2020-04-19,2279,466,322
2020-05-01,2020-04-20,3688,517,303
2020-05-01,2020-04-21,2977,517,261
2020-05-01,2020-04-22,3392,424,265
2020-05-01,2020-04-23,2674,369,262
2020-05-01,2020-04-24,2265,352,230
2020-05-01,2020-04-25,1231,264,182
2020-05-01,2020-04-26,900,235,165
2020-05-01,2020-04-27,2060,290,149
2020-05-01,2020-04-28,2120,170,93
2020-05-01,2020-04-29,700,20,56
2020-05-01,2020-04-30,11,0,6
2020-05-02,2020-03-03,2,7,0
2020-05-02,2020-03-04,5,8,0
2020-05-02,2020-03-05,3,13,0
2020-05-02,2020-03-06,7,12,0
2020-05-02,2020-03-07,7,10,0
2020-05-02,2020-03-08,21,14,0
2020-05-02,2020-03-09,57,36,0
2020-05-02,2020-03-10,70,46,0
2020-05-02,2020-03-11,153,70,1
2020-05-02,2020-03-12,355,73,1
2020-05-02,2020-03-13,618,135,0
2020-05-02,2020-03-14,642,152,2
2020-05-02,2020-03-15,1027,186,6
2020-05-02,2020-03-16,2114,299,9
2020-05-02,2020-03-17,2446,339,7
2020-05-02,2020-03-18,2948,439,21
2020-05-02,2020-03-19,3676,533,24
2020-05-02,2020-03-20,3982,621,45
2020-05-02,2020-03-21,2600,664,41
2020-05-02,2020-03-22,2545,691,48
2020-05-02,2020-03-23,3494,1022,83
2020-05-02,2020-03-24,4388,1135,93
2020-05-02,2020-03-25,4731,1253,121
2020-05-02,2020-03-26,4920,1387,185
2020-05-02,2020-03-27,4987,1342,209
2020-05-02,2020-03-28,3385,1273,265
2020-05-02,2020-03-29,3434,1351,282
2020-05-02,2020-03-30,6002,1636,313
2020-05-02,2020-03-31,5164,1480,367
2020-05-02,2020-04-01,5018,1449,418
2020-05-02,2020-04-02,5636,1602,455
2020-05-02,2020-04-03,5509,1591,462
2020-05-02,2020-04-04,3747,1346,472
2020-05-02,2020-04-05,3609,1338,530
2020-05-02,2020-04-06,6206,1682,546
2020-05-02,2020-04-07,5911,1512,570
2020-05-02,2020-04-08,5400,1419,513
2020-05-02,2020-04-09,4862,1291,518
2020-05-02,2020-04-10,4227,1220,494
2020-05-02,2020-04-11,3557,992,492
2020-05-02,2020-04-12,2706,928,519
2020-05-02,2020-04-13,3204,1098,514
2020-05-02,2020-04-14,4050,968,470
2020-05-02,2020-04-15,3790,853,415
2020-05-02,2020-04-16,3439,688,373
2020-05-02,2020-04-17,3490,721,336
2020-05-02,2020-04-18,2078,518,337
2020-05-02,2020-04-19,2283,475,329
2020-05-02,2020-04-20,3690,534,309
2020-05-02,2020-04-21,2980,527,264
2020-05-02,2020-04-22,3394,435,268
2020-05-02,2020-04-23,2711,365,268
2020-05-02,2020-04-24,2336,350,233
2020-05-02,2020-04-25,1258,267,187
2020-05-02,2020-04-26,960,239,183
2020-05-02,2020-04-27,2129,308,164
2020-05-02,2020-04-28,2392,258,115
2020-05-02,2020-04-29,1843,80,77
2020-05-02,2020-04-30,673,13,41
2020-05-02,2020-05-01,8,0,4
2020-05-03,2020-03-03,2,7,0
2020-05-03,2020-03-04,5,8,0
2020-05-03,2020-03-05,3,13,0
2020-05-03,2020-03-06,7,12,0
2020-05-03,2020-03-07,7,10,0
2020-05-03,2020-03-08,21,14,0
2020-05-03,2020-03-09,57,36,0
2020-05-03,2020-03-10,70,46,0
2020-05-03,2020-03-11,153,70,1
2020-05-03,2020-03-12,355,73,1
2020-05-03,2020-03-13,618,135,0
2020-05-03,2020-03-14,642,152,2
2020-05-03,2020-03-15,1028,187,6
2020-05-03,2020-03-16,2115,299,9
2020-05-03,2020-03-17,2446,339,7
2020-05-03,2020-03-18,2948,439,21
2020-05-03,2020-03-19,3677,533,24
2020-05-03,2020-03-20,3982,621,45
2020-05-03,2020-03-21,2600,664,41
2020-05-03,2020-03-22,2545,691,48
2020-05-03,2020-03-23,3495,1022,83
2020-05-03,2020-03-24,4387,1136,93
2020-05-03,2020-03-25,4732,1252,121
2020-05-03,2020-03-26,4921,1386,185
2020-05-03,2020-03-27,4987,1342,209
2020-05-03,2020-03-28,3385,1272,265
2020-05-03,2020-03-29,3435,1349,282
2020-05-03,2020-03-30,6004,1636,313
2020-05-03,2020-03-31,5165,1478,369
2020-05-03,2020-04-01,5019,1450,418
2020-05-03,2020-04-02,5636,1600,455
2020-05-03,2020-04-03,5512,1590,462
2020-05-03,2020-04-04,3746,1347,473
2020-05-03,2020-04-05,3609,1337,531
2020-05-03,2020-04-06,6206,1682,546
2020-05-03,2020-04-07,5919,1511,571
2020-05-03,2020-04-08,5397,1415,514
2020-05-03,2020-04-09,4863,1289,519
2020-05-03,2020-04-10,4229,1215,497
2020-05-03,2020-04-11,3557,994,495
2020-05-03,2020-04-12,2706,926,522
2020-05-03,2020-04-13,3209,1098,515
2020-05-03,2020-04-14,4052,965,470
2020-05-03,2020-04-15,3790,852,416
2020-05-03,2020-04-16,3440,688,376
2020-05-03,2020-04-17,3489,718,342
2020-05-03,2020-04-18,2078,519,339
2020-05-03,2020-04-19,2281,472,333
2020-05-03,2020-04-20,3699,533,311
2020-05-03,2020-04-21,2982,522,269
2020-05-03,2020-04-22,3402,433,272
2020-05-03,2020-04-23,2757,365,270
2020-05-03,2020-04-24,2377,346,241
2020-05-03,2020-04-25,1508,269,195
2020-05-03,2020-04-26,973,240,190
2020-05-03,2020-04-27,2188,315,176
2020-05-03,2020-04-28,2474,279,136
2020-05-03,2020-04-29,1987,185,105
2020-05-03,2020-04-30,1430,70,68
2020-05-03,2020-05-01,523,14,29
2020-05-03,2020-05-02,10,0,3
2020-05-04,2020-03-03,2,7,0
2020-05-04,2020-03-04,5,8,0
2020-05-04,2020-03-05,3,13,0
2020-05-04,2020-03-06,7,12,0
2020-05-04,2020-03-07,7,10,0
2020-05-04,2020-03-08,21,14,0
2020-05-04,2020-03-09,57,36,0
2020-05-04,2020-03-10,70,46,0
2020-05-04,2020-03-11,153,70,1
2020-05-04,2020-03-12,355,73,1
2020-05-04,2020-03-13,618,135,0
2020-05-04,2020-03-14,642,152,2
2020-05-04,2020-03-15,1028,187,6
2020-05-04,2020-03-16,2115,299,9
2020-05-04,2020-03-17,2446,339,7
2020-05-04,2020-03-18,2948,439,21
2020-05-04,2020-03-19,3677,533,24
2020-05-04,2020-03-20,3983,621,45
2020-05-04,2020-03-21,2600,664,41
2020-05-04,2020-03-22,2545,691,48
2020-05-04,2020-03-23,3498,1023,83
2020-05-04,2020-03-24,4388,1135,93
2020-05-04,2020-03-25,4732,1253,121
2020-05-04,2020-03-26,4924,1387,185
2020-05-04,2020-03-27,4989,1343,209
2020-05-04,2020-03-28,3385,1272,265
2020-05-04,2020-03-29,3437,1351,282
2020-05-04,2020-03-30,6008,1636,313
2020-05-04,2020-03-31,5167,1479,369
2020-05-04,2020-04-01,5021,1452,419
2020-05-04,2020-04-02,5638,1606,455
2020-05-04,2020-04-03,5514,1591,464
2020-05-04,2020-04-04,3746,1346,475
2020-05-04,2020-04-05,3609,1338,531
2020-05-04,2020-04-06,6206,1683,546
2020-05-04,2020-04-07,5921,1512,572
2020-05-04,2020-04-08,5401,1419,516
2020-05-04,2020-04-09,4866,1291,520
2020-05-04,2020-04-10,4233,1217,496
2020-05-04,2020-04-11,3558,993,498
2020-05-04,2020-04-12,2709,927,526
2020-05-04,2020-04-13,3208,1100,519
2020-05-04,2020-04-14,4054,964,475
2020-05-04,2020-04-15,3791,853,419
2020-05-04,2020-04-16,3443,688,378
2020-05-04,2020-04-17,3491,721,342
2020-05-04,2020-04-18,2078,519,344
2020-05-04,2020-04-19,2284,475,338
2020-05-04,2020-04-20,3700,534,314
2020-05-04,2020-04-21,2991,523,270
2020-05-04,2020-04-22,3412,434,277
2020-05-04,2020-04-23,2773,368,274
2020-05-04,2020-04-24,2381,351,252
2020-05-04,2020-04-25,1510,268,202
2020-05-04,2020-04-26,976,243,194
2020-05-04,2020-04-27,2198,315,184
2020-05-04,2020-04-28,2532,279,152
2020-05-04,2020-04-29,2170,189,129
2020-05-04,2020-04-30,1704,79,95
2020-05-04,2020-05-01,1273,50,61
2020-05-04,2020-05-02,319,8,46
2020-05-04,2020-05-03,9,0,1
2020-05-05,2020-03-03,2,7,0
2020-05-05,2020-03-04,5,8,0
2020-05-05,2020-03-05,3,13,0
2020-05-05,2020-03-06,7,12,0
2020-05-05,2020-03-07,7,10,0
2020-05-05,2020-03-08,21,14,0
2020-05-05,2020-03-09,57,36,0
2020-05-05,2020-03-10,70,46,0
2020-05-05,2020-03-11,153,70,1
2020-05-05,2020-03-12,355,73,1
2020-05-05,2020-03-13,618,135,0
2020-05-05,2020-03-14,642,152,2
2020-05-05,2020-03-15,1028,187,6
2020-05-05,2020-03-16,2115,299,9
2020-05-05,2020-03-17,2446,339,7
2020-05-05,2020-03-18,2949,439,21
2020-05-05,2020-03-19,3677,533,24
2020-05-05,2020-03-20,3983,621,45
2020-05-05,2020-03-21,2600,664,41
2020-05-05,2020-03-22,2545,691,48
2020-05-05,2020-03-23,3502,1023,83
2020-05-05,2020-03-24,4388,1135,94
2020-05-05,2020-03-25,4733,1253,121
2020-05-05,2020-03-26,4924,1387,185
2020-05-05,2020-03-27,4989,1343,209
2020-05-05,2020-03-28,3385,1271,265
2020-05-05,2020-03-29,3438,1351,282
2020-05-05,2020-03-30,6011,1636,314
2020-05-05,2020-03-31,5165,1476,369
2020-05-05,2020-04-01,5020,1452,419
2020-05-05,2020-04-02,5641,1605,456
2020-05-05,2020-04-03,5515,1591,464
2020-05-05,2020-04-04,3748,1345,476
2020-05-05,2020-04-05,3611,1341,531
2020-05-05,2020-04-06,6209,1682,547
2020-05-05,2020-04-07,5921,1513,573
2020-05-05,2020-04-08,5403,1419,517
2020-05-05,2020-04-09,4868,1290,521
2020-05-05,2020-04-10,4234,1218,498
2020-05-05,2020-04-11,3560,994,499
2020-05-05,2020-04-12,2710,926,527
2020-05-05,2020-04-13,3206,1097,523
2020-05-05,2020-04-14,4055,967,480
2020-05-05,2020-04-15,3793,852,422
2020-05-05,2020-04-16,3445,691,380
2020-05-05,2020-04-17,3491,719,344
2020-05-05,2020-04-18,2078,520,346
2020-05-05,2020-04-19,2283,473,342
2020-05-05,2020-04-20,3704,537,317
2020-05-05,2020-04-21,2994,525,273
2020-05-05,2020-04-22,3412,433,279
2020-05-05,2020-04-23,2777,367,276
2020-05-05,2020-04-24,2385,356,254
2020-05-05,2020-04-25,1513,273,202
2020-05-05,2020-04-26,978,246,197
2020-05-05,2020-04-27,2211,314,197
2020-05-05,2020-04-28,2577,282,158
2020-05-05,2020-04-29,2195,208,144
2020-05-05,2020-04-30,1818,146,116
2020-05-05,2020-05-01,1438,169,93
2020-05-05,2020-05-02,775,78,75
2020-05-05,2020-05-03,324,18,27
2020-05-05,2020-05-04,7,0,0
2020-05-06,2020-03-03,2,7,0
2020-05-06,2020-03-04,5,8,0
2020-05-06,2020-03-05,3,13,0
2020-05-06,2020-03-06,7,12,0
2020-05-06,2020-03-07,7,10,0
2020-05-06,2020-03-08,21,14,0
2020-05-06,2020-03-09,57,36,0
2020-05-06,2020-03-10,70,46,0
2020-05-06,2020-03-11,153,70,1
2020-05-06,2020-03-12,355,74,1
2020-05-06,2020-03-13,618,135,0
2020-05-06,2020-03-14,642,152,2
2020-05-06,2020-03-15,1028,187,6
2020-05-06,2020-03-16,2115,299,9
2020-05-06,2020-03-17,2446,339,7
2020-05-06,2020-03-18,2949,439,21
2020-05-06,2020-03-19,3678,533,24
2020-05-06,2020-03-20,3984,622,45
2020-05-06,2020-03-21,2600,663,41
2020-05-06,2020-03-22,2545,690,48
2020-05-06,2020-03-23,3502,1023,83
2020-05-06,2020-03-24,4388,1136,94
2020-05-06,2020-03-25,4734,1252,121
2020-05-06,2020-03-26,4925,1387,185
2020-05-06,2020-03-27,4990,1343,209
2020-05-06,2020-03-28,3386,1271,265
2020-05-06,2020-03-29,3438,1351,282
2020-05-06,2020-03-30,6015,1638,314
2020-05-06,2020-03-31,5167,1480,369
2020-05-06,2020-04-01,5023,1454,419
2020-05-06,2020-04-02,5643,1605,456
2020-05-06,2020-04-03,5516,1592,464
2020-05-06,2020-04-04,3752,1345,476
2020-05-06,2020-04-05,3614,1343,532
2020-05-06,2020-04-06,6211,1684,549
2020-05-06,2020-04-07,5923,1513,574
2020-05-06,2020-04-08,5404,1421,519
2020-05-06,2020-04-09,4868,1291,520
2020-05-06,2020-04-10,4240,1219,498
2020-05-06,2020-04-11,3566,995,504
2020-05-06,2020-04-12,2714,926,527
2020-05-06,2020-04-13,3212,1098,528
2020-05-06,2020-04-14,4055,968,482
2020-05-06,2020-04-15,3798,853,426
2020-05-06,2020-04-16,3453,689,380
2020-05-06,2020-04-17,3499,721,347
2020-05-06,2020-04-18,2079,521,347
2020-05-06,2020-04-19,2284,476,345
2020-05-06,2020-04-20,3712,539,322
2020-05-06,2020-04-21,3002,527,282
2020-05-06,2020-04-22,3414,434,282
2020-05-06,2020-04-23,2785,369,281
2020-05-06,2020-04-24,2397,356,264
2020-05-06,2020-04-25,1514,272,208
2020-05-06,2020-04-26,983,246,206
2020-05-06,2020-04-27,2223,316,207
2020-05-06,2020-04-28,2632,287,168
2020-05-06,2020-04-29,2229,210,153
2020-05-06,2020-04-30,1878,154,130
2020-05-06,2020-05-01,1618,198,108
2020-05-06,2020-05-02,922,135,93
2020-05-06,2020-05-03,557,118,61
2020-05-06,2020-05-04,711,46,38
2020-05-06,2020-05-05,21,0,6
2020-05-07,2020-03-01,1,0,0
2020-05-07,2020-03-03,2,7,0
2020-05-07,2020-03-04,5,8,0
2020-05-07,2020-03-05,3,13,0
2020-05-07,2020-03-06,7,13,0
2020-05-07,2020-03-07,7,10,0
2020-05-07,2020-03-08,21,14,0
2020-05-07,2020-03-09,57,36,0
2020-05-07,2020-03-10,70,46,0
2020-05-07,2020-03-11,153,70,1
2020-05-07,2020-03-12,355,74,1
2020-05-07,2020-03-13,618,135,0
2020-05-07,2020-03-14,642,152,2
2020-05-07,2020-03-15,1028,187,6
2020-05-07,2020-03-16,2116,299,9
2020-05-07,2020-03-17,2447,339,7
2020-05-07,2020-03-18,2949,440,21
2020-05-07,2020-03-19,3678,532,24
2020-05-07,2020-03-20,3985,623,45
2020-05-07,2020-03-21,2600,662,41
2020-05-07,2020-03-22,2544,690,48
2020-05-07,2020-03-23,3502,1023,83
2020-05-07,2020-03-24,4390,1136,94
2020-05-07,2020-03-25,4734,1252,121
2020-05-07,2020-03-26,4926,1385,185
2020-05-07,2020-03-27,4989,1343,209
2020-05-07,2020-03-28,3385,1271,265
2020-05-07,2020-03-29,3437,1351,282
2020-05-07,2020-03-30,6015,1637,313
2020-05-07,2020-03-31,5168,1480,369
2020-05-07,2020-04-01,5025,1451,419
2020-05-07,2020-04-02,5645,1605,456
2020-05-07,2020-04-03,5516,1592,464
2020-05-07,2020-04-04,3752,1345,477
2020-05-07,2020-04-05,3614,1342,533
2020-05-07,2020-04-06,6206,1682,549
2020-05-07,2020-04-07,5919,1511,575
2020-05-07,2020-04-08,5404,1421,519
2020-05-07,2020-04-09,4866,1289,520
2020-05-07,2020-04-10,4241,1216,499
2020-05-07,2020-04-11,3566,994,508
2020-05-07,2020-04-12,2716,926,527
2020-05-07,2020-04-13,3210,1099,527
2020-05-07,2020-04-14,4055,968,482
2020-05-07,2020-04-15,3797,852,425
2020-05-07,2020-04-16,3453,690,381
2020-05-07,2020-04-17,3499,719,347
2020-05-07,2020-04-18,2079,522,348
2020-05-07,2020-04-19,2282,473,349
2020-05-07,2020-04-20,3714,538,324
2020-05-07,2020-04-21,3002,526,285
2020-05-07,2020-04-22,3414,432,284
2020-05-07,2020-04-23,2787,368,284
2020-05-07,2020-04-24,2398,356,272
2020-05-07,2020-04-25,1514,270,211
2020-05-07,2020-04-26,990,245,208
2020-05-07,2020-04-27,2230,314,215
2020-05-07,2020-04-28,2641,287,178
2020-05-07,2020-04-29,2264,212,157
2020-05-07,2020-04-30,1922,154,141
2020-05-07,2020-05-01,1681,198,127
2020-05-07,2020-05-02,989,136,114
2020-05-07,2020-05-03,630,117,86
2020-05-07,2020-05-04,1137,73,56
2020-05-07,2020-05-05,699,19,30
2020-05-07,2020-05-06,11,0,2
2020-05-08,2020-02-29,1,6,0
2020-05-08,2020-03-01,1,0,0
2020-05-08,2020-03-02,0,10,0
2020-05-08,2020-03-03,2,7,0
2020-05-08,2020-03-04,5,8,0
2020-05-08,2020-03-05,3,13,0
2020-05-08,2020-03-06,7,13,0
2020-05-08,2020-03-07,7,10,0
2020-05-08,2020-03-08,21,14,0
2020-05-08,2020-03-09,57,36,0
2020-05-08,2020-03-10,70,46,0
2020-05-08,2020-03-11,153,70,1
2020-05-08,2020-03-12,355,74,1
2020-05-08,2020-03-13,618,135,0
2020-05-08,2020-03-14,642,152,2
2020-05-08,2020-03-15,1028,187,6
2020-05-08,2020-03-16,2116,300,9
2020-05-08,2020-03-17,2447,339,7
2020-05-08,2020-03-18,2950,440,21
2020-05-08,2020-03-19,3678,532,24
2020-05-08,2020-03-20,3985,623,45
2020-05-08,2020-03-21,2600,664,41
2020-05-08,2020-03-22,2545,688,48
2020-05-08,2020-03-23,3505,1023,83
2020-05-08,2020-03-24,4390,1136,94
2020-05-08,2020-03-25,4734,1252,121
2020-05-08,2020-03-26,4924,1386,185
2020-05-08,2020-03-27,4991,1343,209
2020-05-08,2020-03-28,3386,1270,265
2020-05-08,2020-03-29,3437,1351,282
2020-05-08,2020-03-30,6015,1636,313
2020-05-08,2020-03-31,5170,1481,369
2020-05-08,2020-04-01,5026,1451,419
2020-05-08,2020-04-02,5645,1606,456
2020-05-08,2020-04-03,5518,1592,464
2020-05-08,2020-04-04,3752,1345,478
2020-05-08,2020-04-05,3616,1342,534
2020-05-08,2020-04-06,6212,1682,549
2020-05-08,2020-04-07,5924,1512,577
2020-05-08,2020-04-08,5406,1421,522
2020-05-08,2020-04-09,4871,1291,521
2020-05-08,2020-04-10,4240,1216,503
2020-05-08,2020-04-11,3565,993,509
2020-05-08,2020-04-12,2717,927,529
2020-05-08,2020-04-13,3211,1099,531
2020-05-08,2020-04-14,4055,968,483
2020-05-08,2020-04-15,3800,852,427
2020-05-08,2020-04-16,3453,688,383
2020-05-08,2020-04-17,3500,720,349
2020-05-08,2020-04-18,2080,522,349
2020-05-08,2020-04-19,2285,475,353
2020-05-08,2020-04-20,3714,538,325
2020-05-08,2020-04-21,3005,527,287
2020-05-08,2020-04-22,3419,433,287
2020-05-08,2020-04-23,2786,369,289
2020-05-08,2020-04-24,2399,353,275
2020-05-08,2020-04-25,1516,273,217
2020-05-08,2020-04-26,997,247,214
2020-05-08,2020-04-27,2237,315,218
2020-05-08,2020-04-28,2652,291,185
2020-05-08,2020-04-29,2282,211,171
2020-05-08,2020-04-30,1949,152,162
2020-05-08,2020-05-01,1708,202,144
2020-05-08,2020-05-02,1003,145,126
2020-05-08,2020-05-03,721,131,106
2020-05-08,2020-05-04,1279,125,76
2020-05-08,2020-05-05,1083,55,60
2020-05-08,2020-05-06,604,12,47
2020-05-08,2020-05-07,6,0,3
2020-05-09,2020-02-29,1,6,0
2020-05-09,2020-03-01,1,1,0
2020-05-09,2020-03-02,0,10,0
2020-05-09,2020-03-03,2,7,0
2020-05-09,2020-03-04,5,8,0
2020-05-09,2020-03-05,3,13,0
2020-05-09,2020-03-06,7,13,0
2020-05-09,2020-03-07,7,10,0
2020-05-09,2020-03-08,21,14,0
2020-05-09,2020-03-09,57,36,0
2020-05-09,2020-03-10,70,46,0
2020-05-09,2020-03-11,153,70,1
2020-05-09,2020-03-12,355,73,1
2020-05-09,2020-03-13,618,135,0
2020-05-09,2020-03-14,642,152,2
2020-05-09,2020-03-15,1028,187,6
2020-05-09,2020-03-16,2116,300,9
2020-05-09,2020-03-17,2447,338,7
2020-05-09,2020-03-18,2951,440,21
2020-05-09,2020-03-19,3679,530,24
2020-05-09,2020-03-20,3988,623,45
2020-05-09,2020-03-21,2603,663,41
2020-05-09,2020-03-22,2547,687,48
2020-05-09,2020-03-23,3508,1020,83
2020-05-09,2020-03-24,4393,1136,94
2020-05-09,2020-03-25,4740,1249,121
2020-05-09,2020-03-26,4931,1387,185
2020-05-09,2020-03-27,4993,1340,210
2020-05-09,2020-03-28,3384,1269,268
2020-05-09,2020-03-29,3437,1351,284
2020-05-09,2020-03-30,6015,1633,314
2020-05-09,2020-03-31,5169,1479,368
2020-05-09,2020-04-01,5028,1452,419
2020-05-09,2020-04-02,5646,1605,458
2020-05-09,2020-04-03,5519,1587,466
2020-05-09,2020-04-04,3752,1343,474
2020-05-09,2020-04-05,3617,1338,533
2020-05-09,2020-04-06,6213,1679,550
2020-05-09,2020-04-07,5926,1507,577
2020-05-09,2020-04-08,5408,1417,523
2020-05-09,2020-04-09,4874,1289,521
2020-05-09,2020-04-10,4241,1213,503
2020-05-09,2020-04-11,3567,992,510
2020-05-09,2020-04-12,2718,923,530
2020-05-09,2020-04-13,3210,1096,535
2020-05-09,2020-04-14,4057,962,484
2020-05-09,2020-04-15,3800,847,429
2020-05-09,2020-04-16,3455,686,384
2020-05-09,2020-04-17,3501,717,352
2020-05-09,2020-04-18,2081,518,350
2020-05-09,2020-04-19,2285,471,356
2020-05-09,2020-04-20,3714,533,327
2020-05-09,2020-04-21,3006,517,289
2020-05-09,2020-04-22,3423,430,289
2020-05-09,2020-04-23,2786,365,290
2020-05-09,2020-04-24,2401,356,275
2020-05-09,2020-04-25,1518,269,222
2020-05-09,2020-04-26,997,246,214
2020-05-09,2020-04-27,2237,318,219
2020-05-09,2020-04-28,2654,300,185
2020-05-09,2020-04-29,2282,270,178
2020-05-09,2020-04-30,1958,190,169
2020-05-09,2020-05-01,1746,242,147
2020-05-09,2020-05-02,1009,181,131
2020-05-09,2020-05-03,728,164,113
2020-05-09,2020-05-04,1423,173,82
2020-05-09,2020-05-05,1270,128,70
2020-05-09,2020-05-06,1035,66,54
2020-05-09,2020-05-07,505,19,8
2020-05-09,2020-05-08,11,0,0
2020-05-10,2020-02-29,1,7,0
2020-05-10,2020-03-01,1,1,0
2020-05-10,2020-03-02,0,10,0
2020-05-10,2020-03-03,2,8,0
2020-05-10,2020-03-04,5,11,0
2020-05-10,2020-03-05,3,14,0
2020-05-10,2020-03-06,7,15,0
2020-05-10,2020-03-07,7,12,0
2020-05-10,2020-03-08,21,14,0
2020-05-10,2020-03-09,57,38,0
2020-05-10,2020-03-10,70,50,0
2020-05-10,2020-03-11,153,76,1
2020-05-10,2020-03-12,356,77,1
2020-05-10,2020-03-13,620,140,0
2020-05-10,2020-03-14,642,153,2
2020-05-10,2020-03-15,1028,188,6
2020-05-10,2020-03-16,2117,302,9
2020-05-10,2020-03-17,2447,336,7
2020-05-10,2020-03-18,2952,440,21
2020-05-10,2020-03-19,3680,534,24
2020-05-10,2020-03-20,3988,627,45
2020-05-10,2020-03-21,2603,661,41
2020-05-10,2020-03-22,2546,690,48
2020-05-10,2020-03-23,3510,1021,84
2020-05-10,2020-03-24,4396,1133,94
2020-05-10,2020-03-25,4742,1257,120
2020-05-10,2020-03-26,4930,1384,185
2020-05-10,2020-03-27,4994,1342,210
2020-05-10,2020-03-28,3388,1272,269
2020-05-10,2020-03-29,3437,1353,284
2020-05-10,2020-03-30,6017,1631,314
2020-05-10,2020-03-31,5173,1478,370
2020-05-10,2020-04-01,5032,1453,419
2020-05-10,2020-04-02,5645,1601,459
2020-05-10,2020-04-03,5519,1582,467
2020-05-10,2020-04-04,3754,1340,477
2020-05-10,2020-04-05,3616,1337,534
2020-05-10,2020-04-06,6213,1687,550
2020-05-10,2020-04-07,5926,1509,577
2020-05-10,2020-04-08,5408,1425,525
2020-05-10,2020-04-09,4875,1295,522
2020-05-10,2020-04-10,4240,1215,504
2020-05-10,2020-04-11,3566,1004,511
2020-05-10,2020-04-12,2718,920,531
2020-05-10,2020-04-13,3210,1097,537
2020-05-10,2020-04-14,4056,975,488
2020-05-10,2020-04-15,3799,851,431
2020-05-10,2020-04-16,3455,703,385
2020-05-10,2020-04-17,3500,740,354
2020-05-10,2020-04-18,2081,525,354
2020-05-10,2020-04-19,2287,477,358
2020-05-10,2020-04-20,3715,549,331
2020-05-10,2020-04-21,3007,530,290
2020-05-10,2020-04-22,3422,440,291
2020-05-10,2020-04-23,2787,381,295
2020-05-10,2020-04-24,2402,373,280
2020-05-10,2020-04-25,1517,285,224
2020-05-10,2020-04-26,995,249,218
2020-05-10,2020-04-27,2247,334,226
2020-05-10,2020-04-28,2657,316,191
2020-05-10,2020-04-29,2287,279,187
2020-05-10,2020-04-30,1962,206,175
2020-05-10,2020-05-01,1759,260,161
2020-05-10,2020-05-02,1031,188,148
2020-05-10,2020-05-03,744,173,133
2020-05-10,2020-05-04,1492,187,101
2020-05-10,2020-05-05,1383,145,88
2020-05-10,2020-05-06,1213,110,80
2020-05-10,2020-05-07,919,66,50
2020-05-10,2020-05-08,425,9,21
2020-05-10,2020-05-09,5,0,1
2020-05-11,2020-02-29,1,13,0
2020-05-11,2020-03-01,1,4,0
2020-05-11,2020-03-02,0,21,0
2020-05-11,2020-03-03,2,18,0
2020-05-11,2020-03-04,5,22,0
2020-05-11,2020-03-05,3,22,0
2020-05-11,2020-03-06,7,20,0
2020-05-11,2020-03-07,7,14,0
2020-05-11,2020-03-08,21,17,0
2020-05-11,2020-03-09,57,52,0
2020-05-11,2020-03-10,70,64,0
2020-05-11,2020-03-11,154,87,1
2020-05-11,2020-03-12,356,92,1
2020-05-11,2020-03-13,620,148,0
2020-05-11,2020-03-14,643,160,2
2020-05-11,2020-03-15,1030,193,6
2020-05-11,2020-03-16,2122,306,9
2020-05-11,2020-03-17,2455,355,8
2020-05-11,2020-03-18,2975,467,20
2020-05-11,2020-03-19,3703,552,24
2020-05-11,2020-03-20,4007,664,46
2020-05-11,2020-03-21,2630,688,44
2020-05-11,2020-03-22,2568,729,49
2020-05-11,2020-03-23,3550,1043,82
2020-05-11,2020-03-24,4485,1165,93
2020-05-11,2020-03-25,4826,1294,121
2020-05-11,2020-03-26,5019,1428,188
2020-05-11,2020-03-27,5087,1397,210
2020-05-11,2020-03-28,3452,1339,264
2020-05-11,2020-03-29,3521,1394,284
2020-05-11,2020-03-30,6098,1688,315
2020-05-11,2020-03-31,5256,1538,374
2020-05-11,2020-04-01,5148,1466,420
2020-05-11,2020-04-02,5751,1609,460
2020-05-11,2020-04-03,5638,1601,467
2020-05-11,2020-04-04,3847,1342,483
2020-05-11,2020-04-05,3762,1331,538
2020-05-11,2020-04-06,6348,1695,548
2020-05-11,2020-04-07,6046,1566,579
2020-05-11,2020-04-08,5549,1519,526
2020-05-11,2020-04-09,5026,1395,522
2020-05-11,2020-04-10,4413,1316,505
2020-05-11,2020-04-11,3703,1074,512
2020-05-11,2020-04-12,2862,971,535
2020-05-11,2020-04-13,3286,1214,539
2020-05-11,2020-04-14,4119,1062,490
2020-05-11,2020-04-15,3866,990,433
2020-05-11,2020-04-16,3524,871,387
2020-05-11,2020-04-17,3555,897,354
2020-05-11,2020-04-18,2117,649,355
2020-05-11,2020-04-19,2351,601,360
2020-05-11,2020-04-20,3768,729,333
2020-05-11,2020-04-21,3056,673,291
2020-05-11,2020-04-22,3457,607,294
2020-05-11,2020-04-23,2831,531,297
2020-05-11,2020-04-24,2443,579,285
2020-05-11,2020-04-25,1586,401,224
2020-05-11,2020-04-26,1008,375,222
2020-05-11,2020-04-27,2297,458,233
2020-05-11,2020-04-28,2709,447,197
2020-05-11,2020-04-29,2337,406,197
2020-05-11,2020-04-30,1996,313,179
2020-05-11,2020-05-01,1857,355,165
2020-05-11,2020-05-02,1043,257,156
2020-05-11,2020-05-03,777,216,136
2020-05-11,2020-05-04,1531,257,108
2020-05-11,2020-05-05,1496,201,90
2020-05-11,2020-05-06,1372,125,95
2020-05-11,2020-05-07,1158,105,62
2020-05-11,2020-05-08,872,64,47
2020-05-11,2020-05-09,406,18,28
2020-05-11,2020-05-10,16,0,2
2020-05-12,2020-02-29,1,13,0
2020-05-12,2020-03-01,1,4,0
2020-05-12,2020-03-02,0,21,0
2020-05-12,2020-03-03,2,18,0
2020-05-12,2020-03-04,5,22,0
2020-05-12,2020-03-05,3,22,0
2020-05-12,2020-03-06,7,20,0
2020-05-12,2020-03-07,7,14,0
2020-05-12,2020-03-08,21,17,0
2020-05-12,2020-03-09,57,52,0
2020-05-12,2020-03-10,70,64,0
2020-05-12,2020-03-11,154,87,1
2020-05-12,2020-03-12,356,92,1
2020-05-12,2020-03-13,620,148,0
2020-05-12,2020-03-14,643,160,2
2020-05-12,2020-03-15,1030,192,6
2020-05-12,2020-03-16,2122,306,9
2020-05-12,2020-03-17,2453,355,8
2020-05-12,2020-03-18,2975,466,20
2020-05-12,2020-03-19,3703,552,24
2020-05-12,2020-03-20,4010,664,46
2020-05-12,2020-03-21,2633,690,44
2020-05-12,2020-03-22,2570,729,49
2020-05-12,2020-03-23,3553,1042,82
2020-05-12,2020-03-24,4486,1163,95
2020-05-12,2020-03-25,4827,1296,121
2020-05-12,2020-03-26,5021,1427,188
2020-05-12,2020-03-27,5088,1394,213
2020-05-12,2020-03-28,3452,1340,264
2020-05-12,2020-03-29,3521,1393,285
2020-05-12,2020-03-30,6098,1686,319
2020-05-12,2020-03-31,5257,1537,375
2020-05-12,2020-04-01,5148,1465,422
2020-05-12,2020-04-02,5752,1608,467
2020-05-12,2020-04-03,5638,1598,469
2020-05-12,2020-04-04,3847,1341,486
2020-05-12,2020-04-05,3762,1331,542
2020-05-12,2020-04-06,6348,1692,549
2020-05-12,2020-04-07,6045,1563,581
2020-05-12,2020-04-08,5549,1516,532
2020-05-12,2020-04-09,5028,1393,522
2020-05-12,2020-04-10,4413,1312,507
2020-05-12,2020-04-11,3703,1071,514
2020-05-12,2020-04-12,2864,971,538
2020-05-12,2020-04-13,3287,1216,542
2020-05-12,2020-04-14,4122,1059,492
2020-05-12,2020-04-15,3867,987,434
2020-05-12,2020-04-16,3524,862,388
2020-05-12,2020-04-17,3555,896,355
2020-05-12,2020-04-18,2119,648,355
2020-05-12,2020-04-19,2351,600,360
2020-05-12,2020-04-20,3769,726,333
2020-05-12,2020-04-21,3057,670,291
2020-05-12,2020-04-22,3457,605,295
2020-05-12,2020-04-23,2831,526,299
2020-05-12,2020-04-24,2455,575,289
2020-05-12,2020-04-25,1586,401,228
2020-05-12,2020-04-26,1008,372,223
2020-05-12,2020-04-27,2302,457,236
2020-05-12,2020-04-28,2709,447,202
2020-05-12,2020-04-29,2336,403,200
2020-05-12,2020-04-30,2002,316,181
2020-05-12,2020-05-01,1860,352,168
2020-05-12,2020-05-02,1043,254,157
2020-05-12,2020-05-03,777,215,143
2020-05-12,2020-05-04,1532,261,114
2020-05-12,2020-05-05,1500,230,93
2020-05-12,2020-05-06,1381,169,100
2020-05-12,2020-05-07,1191,155,73
2020-05-12,2020-05-08,990,133,55
2020-05-12,2020-05-09,563,69,47
2020-05-12,2020-05-10,272,14,19
2020-05-12,2020-05-11,26,0,3
2020-05-13,2020-02-29,1,14,0
2020-05-13,2020-03-01,1,4,0
2020-05-13,2020-03-02,0,22,0
2020-05-13,2020-03-03,2,20,0
2020-05-13,2020-03-04,5,22,0
2020-05-13,2020-03-05,3,22,0
2020-05-13,2020-03-06,7,22,0
2020-05-13,2020-03-07,7,15,0
2020-05-13,2020-03-08,21,18,0
2020-05-13,2020-03-09,57,51,0
2020-05-13,2020-03-10,70,63,0
2020-05-13,2020-03-11,154,86,1
2020-05-13,2020-03-12,356,92,1
2020-05-13,2020-03-13,621,148,0
2020-05-13,2020-03-14,643,160,2
2020-05-13,2020-03-15,1032,192,6
2020-05-13,2020-03-16,2122,307,9
2020-05-13,2020-03-17,2453,355,8
2020-05-13,2020-03-18,2976,468,20
2020-05-13,2020-03-19,3706,552,24
2020-05-13,2020-03-20,4010,666,46
2020-05-13,2020-03-21,2634,693,44
2020-05-13,2020-03-22,2575,727,49
2020-05-13,2020-03-23,3555,1045,82
2020-05-13,2020-03-24,4488,1160,95
2020-05-13,2020-03-25,4830,1293,121
2020-05-13,2020-03-26,5020,1429,189
2020-05-13,2020-03-27,5088,1389,214
2020-05-13,2020-03-28,3452,1340,262
2020-05-13,2020-03-29,3521,1391,289
2020-05-13,2020-03-30,6098,1689,321
2020-05-13,2020-03-31,5257,1534,372
2020-05-13,2020-04-01,5149,1458,421
2020-05-13,2020-04-02,5751,1607,471
2020-05-13,2020-04-03,5642,1600,468
2020-05-13,2020-04-04,3847,1337,482
2020-05-13,2020-04-05,3765,1331,551
2020-05-13,2020-04-06,6348,1685,546
2020-05-13,2020-04-07,6044,1559,577
2020-05-13,2020-04-08,5552,1520,532
2020-05-13,2020-04-09,5029,1391,523
2020-05-13,2020-04-10,4412,1304,504
2020-05-13,2020-04-11,3704,1067,516
2020-05-13,2020-04-12,2867,962,541
2020-05-13,2020-04-13,3286,1202,538
2020-05-13,2020-04-14,4120,1059,490
2020-05-13,2020-04-15,3867,987,431
2020-05-13,2020-04-16,3526,863,388
2020-05-13,2020-04-17,3555,895,355
2020-05-13,2020-04-18,2117,644,356
2020-05-13,2020-04-19,2351,596,361
2020-05-13,2020-04-20,3768,721,333
2020-05-13,2020-04-21,3058,669,294
2020-05-13,2020-04-22,3457,605,291
2020-05-13,2020-04-23,2832,526,300
2020-05-13,2020-04-24,2464,573,291
2020-05-13,2020-04-25,1589,408,230
2020-05-13,2020-04-26,1010,374,223
2020-05-13,2020-04-27,2304,459,237
2020-05-13,2020-04-28,2712,452,202
2020-05-13,2020-04-29,2334,419,200
2020-05-13,2020-04-30,2003,329,184
2020-05-13,2020-05-01,1863,365,171
2020-05-13,2020-05-02,1047,267,160
2020-05-13,2020-05-03,776,238,146
2020-05-13,2020-05-04,1535,285,119
2020-05-13,2020-05-05,1503,251,100
2020-05-13,2020-05-06,1382,236,106
2020-05-13,2020-05-07,1211,212,85
2020-05-13,2020-05-08,1040,199,73
2020-05-13,2020-05-09,612,135,58
2020-05-13,2020-05-10,401,72,37
2020-05-13,2020-05-11,586,7,35
2020-05-13,2020-05-12,18,0,0
2020-05-14,2020-02-29,1,14,0
2020-05-14,2020-03-01,1,4,0
2020-05-14,2020-03-02,0,22,0
2020-05-14,2020-03-03,2,20,0
2020-05-14,2020-03-04,5,22,0
2020-05-14,2020-03-05,3,21,0
2020-05-14,2020-03-06,7,22,0
2020-05-14,2020-03-07,7,15,0
2020-05-14,2020-03-08,21,18,0
2020-05-14,2020-03-09,57,51,0
2020-05-14,2020-03-10,70,64,0
2020-05-14,2020-03-11,154,86,1
2020-05-14,2020-03-12,356,93,1
2020-05-14,2020-03-13,621,148,0
2020-05-14,2020-03-14,643,160,2
2020-05-14,2020-03-15,1032,191,6
2020-05-14,2020-03-16,2122,307,9
2020-05-14,2020-03-17,2453,354,8
2020-05-14,2020-03-18,2976,468,20
2020-05-14,2020-03-19,3706,553,24
2020-05-14,2020-03-20,4010,665,46
2020-05-14,2020-03-21,2634,693,44
2020-05-14,2020-03-22,2575,727,49
2020-05-14,2020-03-23,3554,1043,82
2020-05-14,2020-03-24,4488,1159,95
2020-05-14,2020-03-25,4831,1292,121
2020-05-14,2020-03-26,5021,1430,189
2020-05-14,2020-03-27,5088,1384,214
2020-05-14,2020-03-28,3452,1337,262
2020-05-14,2020-03-29,3521,1391,289
2020-05-14,2020-03-30,6098,1688,321
2020-05-14,2020-03-31,5258,1530,372
2020-05-14,2020-04-01,5149,1456,421
2020-05-14,2020-04-02,5750,1603,472
2020-05-14,2020-04-03,5642,1597,469
2020-05-14,2020-04-04,3848,1334,482
2020-05-14,2020-04-05,3763,1328,550
2020-05-14,2020-04-06,6347,1679,547
2020-05-14,2020-04-07,6041,1556,577
2020-05-14,2020-04-08,5550,1510,531
2020-05-14,2020-04-09,5028,1386,522
2020-05-14,2020-04-10,4412,1299,506
2020-05-14,2020-04-11,3704,1062,516
2020-05-14,2020-04-12,2867,960,542
2020-05-14,2020-04-13,3285,1200,538
2020-05-14,2020-04-14,4119,1053,490
2020-05-14,2020-04-15,3866,978,432
2020-05-14,2020-04-16,3525,863,389
2020-05-14,2020-04-17,3553,885,356
2020-05-14,2020-04-18,2117,641,358
2020-05-14,2020-04-19,2351,596,364
2020-05-14,2020-04-20,3769,719,333
2020-05-14,2020-04-21,3058,665,294
2020-05-14,2020-04-22,3458,605,290
2020-05-14,2020-04-23,2834,522,300
2020-05-14,2020-04-24,2465,568,292
2020-05-14,2020-04-25,1589,406,232
2020-05-14,2020-04-26,1010,370,224
2020-05-14,2020-04-27,2303,456,240
2020-05-14,2020-04-28,2713,449,204
2020-05-14,2020-04-29,2336,414,206
2020-05-14,2020-04-30,2002,330,188
2020-05-14,2020-05-01,1865,361,173
2020-05-14,2020-05-02,1047,274,167
2020-05-14,2020-05-03,776,240,150
2020-05-14,2020-05-04,1545,285,123
2020-05-14,2020-05-05,1507,253,107
2020-05-14,2020-05-06,1384,246,110
2020-05-14,2020-05-07,1215,220,92
2020-05-14,2020-05-08,1058,218,85
2020-05-14,2020-05-09,637,151,71
2020-05-14,2020-05-10,444,122,47
2020-05-14,2020-05-11,1007,183,47
2020-05-14,2020-05-12,571,29,17
2020-05-14,2020-05-13,12,0,0
2020-05-15,2020-02-29,1,14,0
2020-05-15,2020-03-01,1,4,0
2020-05-15,2020-03-02,0,22,0
2020-05-15,2020-03-03,2,20,0
2020-05-15,2020-03-04,5,22,0
2020-05-15,2020-03-05,3,21,0
2020-05-15,2020-03-06,7,22,0
2020-05-15,2020-03-07,7,15,0
2020-05-15,2020-03-08,21,17,0
2020-05-15,2020-03-09,57,51,0
2020-05-15,2020-03-10,70,64,0
2020-05-15,2020-03-11,154,86,1
2020-05-15,2020-03-12,356,93,1
2020-05-15,2020-03-13,620,148,0
2020-05-15,2020-03-14,643,160,2
2020-05-15,2020-03-15,1033,191,6
2020-05-15,2020-03-16,2123,307,9
2020-05-15,2020-03-17,2453,354,8
2020-05-15,2020-03-18,2976,468,20
2020-05-15,2020-03-19,3706,553,24
2020-05-15,2020-03-20,4010,664,46
2020-05-15,2020-03-21,2635,692,44
2020-05-15,2020-03-22,2576,725,49
2020-05-15,2020-03-23,3555,1045,82
2020-05-15,2020-03-24,4492,1159,95
2020-05-15,2020-03-25,4831,1292,121
2020-05-15,2020-03-26,5022,1430,189
2020-05-15,2020-03-27,5088,1385,214
2020-05-15,2020-03-28,3453,1337,262
2020-05-15,2020-03-29,3523,1390,289
2020-05-15,2020-03-30,6100,1688,321
2020-05-15,2020-03-31,5376,1530,372
2020-05-15,2020-04-01,5357,1458,421
2020-05-15,2020-04-02,5751,1603,472
2020-05-15,2020-04-03,5640,1596,469
2020-05-15,2020-04-04,3846,1334,482
2020-05-15,2020-04-05,3760,1325,550
2020-05-15,2020-04-06,6347,1681,546
2020-05-15,2020-04-07,6041,1553,578
2020-05-15,2020-04-08,5549,1508,531
2020-05-15,2020-04-09,5026,1386,523
2020-05-15,2020-04-10,4409,1297,506
2020-05-15,2020-04-11,3704,1062,516
2020-05-15,2020-04-12,2865,957,542
2020-05-15,2020-04-13,3284,1199,538
2020-05-15,2020-04-14,4113,1052,490
2020-05-15,2020-04-15,3864,977,432
2020-05-15,2020-04-16,3519,862,390
2020-05-15,2020-04-17,3562,883,356
2020-05-15,2020-04-18,2155,637,358
2020-05-15,2020-04-19,2345,594,364
2020-05-15,2020-04-20,3768,716,333
2020-05-15,2020-04-21,3059,662,294
2020-05-15,2020-04-22,3457,602,290
2020-05-15,2020-04-23,2832,519,300
2020-05-15,2020-04-24,2462,567,292
2020-05-15,2020-04-25,1588,404,232
2020-05-15,2020-04-26,1008,367,224
2020-05-15,2020-04-27,2300,451,241
2020-05-15,2020-04-28,2712,447,205
2020-05-15,2020-04-29,2335,411,206
2020-05-15,2020-04-30,2000,327,188
2020-05-15,2020-05-01,1864,359,174
2020-05-15,2020-05-02,1047,276,167
2020-05-15,2020-05-03,776,242,152
2020-05-15,2020-05-04,1543,285,123
2020-05-15,2020-05-05,1505,256,110
2020-05-15,2020-05-06,1389,244,113
2020-05-15,2020-05-07,1223,220,96
2020-05-15,2020-05-08,1061,222,85
2020-05-15,2020-05-09,643,152,73
2020-05-15,2020-05-10,450,128,48
2020-05-15,2020-05-11,1179,199,51
2020-05-15,2020-05-12,1040,90,25
2020-05-15,2020-05-13,553,29,11
2020-05-15,2020-05-14,14,0,1
2020-05-16,2020-02-29,1,14,0
2020-05-16,2020-03-01,1,4,0
2020-05-16,2020-03-02,0,22,0
2020-05-16,2020-03-03,2,20,0
2020-05-16,2020-03-04,5,22,0
2020-05-16,2020-03-05,3,21,0
2020-05-16,2020-03-06,7,22,0
2020-05-16,2020-03-07,7,15,0
2020-05-16,2020-03-08,21,17,0
2020-05-16,2020-03-09,57,51,0
2020-05-16,2020-03-10,70,66,0
2020-05-16,2020-03-11,154,86,1
2020-05-16,2020-03-12,356,93,1
2020-05-16,2020-03-13,620,148,0
2020-05-16,2020-03-14,643,160,2
2020-05-16,2020-03-15,1033,192,6
2020-05-16,2020-03-16,2123,307,9
2020-05-16,2020-03-17,2454,354,8
2020-05-16,2020-03-18,2977,468,20
2020-05-16,2020-03-19,3706,553,24
2020-05-16,2020-03-20,4010,664,46
2020-05-16,2020-03-21,2635,692,44
2020-05-16,2020-03-22,2578,725,49
2020-05-16,2020-03-23,3557,1046,82
2020-05-16,2020-03-24,4495,1159,96
2020-05-16,2020-03-25,4835,1293,121
2020-05-16,2020-03-26,5024,1429,189
2020-05-16,2020-03-27,5093,1384,214
2020-05-16,2020-03-28,3455,1337,262
2020-05-16,2020-03-29,3523,1390,289
2020-05-16,2020-03-30,6101,1696,321
2020-05-16,2020-03-31,5428,1626,372
2020-05-16,2020-04-01,5432,1532,428
2020-05-16,2020-04-02,5751,1604,487
2020-05-16,2020-04-03,5642,1597,479
2020-05-16,2020-04-04,3848,1335,486
2020-05-16,2020-04-05,3766,1328,559
2020-05-16,2020-04-06,6350,1684,559
2020-05-16,2020-04-07,6048,1558,586
2020-05-16,2020-04-08,5554,1510,542
2020-05-16,2020-04-09,5035,1387,528
2020-05-16,2020-04-10,4432,1301,512
2020-05-16,2020-04-11,3706,1063,520
2020-05-16,2020-04-12,2867,958,549
2020-05-16,2020-04-13,3291,1201,545
2020-05-16,2020-04-14,4119,1053,497
2020-05-16,2020-04-15,3869,978,434
2020-05-16,2020-04-16,3519,863,394
2020-05-16,2020-04-17,3568,897,359
2020-05-16,2020-04-18,2160,656,361
2020-05-16,2020-04-19,2347,594,368
2020-05-16,2020-04-20,3768,717,336
2020-05-16,2020-04-21,3061,661,300
2020-05-16,2020-04-22,3459,604,293
2020-05-16,2020-04-23,2831,519,304
2020-05-16,2020-04-24,2461,567,294
2020-05-16,2020-04-25,1589,405,236
2020-05-16,2020-04-26,1008,370,224
2020-05-16,2020-04-27,2304,454,245
2020-05-16,2020-04-28,2713,450,208
2020-05-16,2020-04-29,2335,410,213
2020-05-16,2020-04-30,2003,329,198
2020-05-16,2020-05-01,1863,356,184
2020-05-16,2020-05-02,1047,275,174
2020-05-16,2020-05-03,777,242,158
2020-05-16,2020-05-04,1541,283,131
2020-05-16,2020-05-05,1506,256,118
2020-05-16,2020-05-06,1396,247,118
2020-05-16,2020-05-07,1224,220,110
2020-05-16,2020-05-08,1071,224,96
2020-05-16,2020-05-09,645,151,83
2020-05-16,2020-05-10,452,129,63
2020-05-16,2020-05-11,1204,208,76
2020-05-16,2020-05-12,1138,108,59
2020-05-16,2020-05-13,954,80,34
2020-05-16,2020-05-14,379,22,11
2020-05-16,2020-05-15,20,0,1
2020-05-17,2020-02-29,1,14,0
2020-05-17,2020-03-01,1,4,0
2020-05-17,2020-03-02,0,22,0
2020-05-17,2020-03-03,2,20,0
2020-05-17,2020-03-04,5,22,0
2020-05-17,2020-03-05,3,21,0
2020-05-17,2020-03-06,7,22,0
2020-05-17,2020-03-07,7,15,0
2020-05-17,2020-03-08,21,17,0
2020-05-17,2020-03-09,57,51,0
2020-05-17,2020-03-10,70,66,0
2020-05-17,2020-03-11,154,86,1
2020-05-17,2020-03-12,356,93,1
2020-05-17,2020-03-13,620,148,0
2020-05-17,2020-03-14,643,161,2
2020-05-17,2020-03-15,1033,192,6
2020-05-17,2020-03-16,2123,307,9
2020-05-17,2020-03-17,2454,354,8
2020-05-17,2020-03-18,2977,468,20
2020-05-17,2020-03-19,3706,553,24
2020-05-17,2020-03-20,4010,665,46
2020-05-17,2020-03-21,2635,691,44
2020-05-17,2020-03-22,2575,725,49
2020-05-17,2020-03-23,3558,1045,82
2020-05-17,2020-03-24,4495,1160,96
2020-05-17,2020-03-25,4832,1293,121
2020-05-17,2020-03-26,5024,1429,189
2020-05-17,2020-03-27,5093,1385,214
2020-05-17,2020-03-28,3455,1337,263
2020-05-17,2020-03-29,3523,1390,289
2020-05-17,2020-03-30,6102,1696,322
2020-05-17,2020-03-31,5428,1631,372
2020-05-17,2020-04-01,5432,1541,428
2020-05-17,2020-04-02,5752,1603,487
2020-05-17,2020-04-03,5646,1599,480
2020-05-17,2020-04-04,3848,1336,487
2020-05-17,2020-04-05,3768,1329,560
2020-05-17,2020-04-06,6353,1684,563
2020-05-17,2020-04-07,6049,1558,587
2020-05-17,2020-04-08,5553,1508,544
2020-05-17,2020-04-09,5029,1387,530
2020-05-17,2020-04-10,4430,1303,514
2020-05-17,2020-04-11,3705,1064,521
2020-05-17,2020-04-12,2866,959,550
2020-05-17,2020-04-13,3287,1201,549
2020-05-17,2020-04-14,4120,1053,496
2020-05-17,2020-04-15,3868,978,435
2020-05-17,2020-04-16,3518,863,398
2020-05-17,2020-04-17,3568,898,359
2020-05-17,2020-04-18,2160,657,361
2020-05-17,2020-04-19,2347,594,370
2020-05-17,2020-04-20,3768,717,340
2020-05-17,2020-04-21,3060,659,302
2020-05-17,2020-04-22,3459,604,294
2020-05-17,2020-04-23,2832,519,304
2020-05-17,2020-04-24,2462,567,296
2020-05-17,2020-04-25,1589,405,237
2020-05-17,2020-04-26,1008,370,225
2020-05-17,2020-04-27,2304,454,248
2020-05-17,2020-04-28,2713,447,209
2020-05-17,2020-04-29,2333,408,215
2020-05-17,2020-04-30,2003,329,198
2020-05-17,2020-05-01,1865,357,191
2020-05-17,2020-05-02,1048,274,177
2020-05-17,2020-05-03,777,243,160
2020-05-17,2020-05-04,1544,282,138
2020-05-17,2020-05-05,1509,257,126
2020-05-17,2020-05-06,1399,247,125
2020-05-17,2020-05-07,1240,222,111
2020-05-17,2020-05-08,1085,223,107
2020-05-17,2020-05-09,668,154,86
2020-05-17,2020-05-10,460,130,74
2020-05-17,2020-05-11,1217,210,86
2020-05-17,2020-05-12,1268,113,70
2020-05-17,2020-05-13,1267,93,45
2020-05-17,2020-05-14,803,51,27
2020-05-17,2020-05-15,428,11,16
2020-05-17,2020-05-16,26,0,2